-- phpMyAdmin SQL Dump
-- version 5.2.2
-- https://www.phpmyadmin.net/
--
-- Host: 127.0.0.1:3306
-- Generation Time: Mar 19, 2026 at 09:07 AM
-- Server version: 11.8.3-MariaDB-log
-- PHP Version: 7.2.34

SET SQL_MODE = "NO_AUTO_VALUE_ON_ZERO";
START TRANSACTION;
SET time_zone = "+00:00";


/*!40101 SET @OLD_CHARACTER_SET_CLIENT=@@CHARACTER_SET_CLIENT */;
/*!40101 SET @OLD_CHARACTER_SET_RESULTS=@@CHARACTER_SET_RESULTS */;
/*!40101 SET @OLD_COLLATION_CONNECTION=@@COLLATION_CONNECTION */;
/*!40101 SET NAMES utf8mb4 */;

--
-- Database: `u300934640_Main`
--

-- --------------------------------------------------------

--
-- Table structure for table `departement`
--

CREATE TABLE `departement` (
  `id` int(11) NOT NULL,
  `code_departement` varchar(10) NOT NULL,
  `nom_departement` varchar(100) NOT NULL,
  `region_id` int(11) NOT NULL
) ENGINE=InnoDB DEFAULT CHARSET=utf8mb4 COLLATE=utf8mb4_general_ci;

--
-- Dumping data for table `departement`
--

INSERT INTO `departement` (`id`, `code_departement`, `nom_departement`, `region_id`) VALUES
(1, '01', 'Ain', 1),
(2, '02', 'Aisne', 2),
(3, '03', 'Allier', 1),
(4, '04', 'Alpes-de-Haute-Provence', 3),
(5, '05', 'Hautes-Alpes', 3),
(6, '06', 'Alpes-Maritimes', 3),
(7, '07', 'Ardèche', 1),
(8, '08', 'Ardennes', 9),
(9, '09', 'Ariège', 4),
(10, '10', 'Aube', 9),
(11, '11', 'Aude', 4),
(12, '12', 'Aveyron', 4),
(13, '13', 'Bouches-du-Rhône', 3),
(14, '14', 'Calvados', 5),
(15, '15', 'Cantal', 1),
(16, '16', 'Charente', 6),
(17, '17', 'Charente-Maritime', 6),
(18, '18', 'Cher', 7),
(19, '19', 'Corrèze', 6),
(20, '21', 'Côte-d\'Or', 8),
(21, '22', 'Côtes-d\'Armor', 11),
(22, '23', 'Creuse', 6),
(23, '24', 'Dordogne', 6),
(24, '25', 'Doubs', 8),
(25, '26', 'Drôme', 1),
(26, '27', 'Eure', 5),
(27, '28', 'Eure-et-Loir', 7),
(28, '29', 'Finistère', 11),
(29, '30', 'Gard', 4),
(30, '31', 'Haute-Garonne', 4),
(31, '32', 'Gers', 4),
(32, '33', 'Gironde', 6),
(33, '34', 'Hérault', 4),
(34, '35', 'Ille-et-Vilaine', 11),
(35, '36', 'Indre', 7),
(36, '37', 'Indre-et-Loire', 7),
(37, '38', 'Isère', 1),
(38, '39', 'Jura', 8),
(39, '40', 'Landes', 6),
(40, '41', 'Loir-et-Cher', 7),
(41, '42', 'Loire', 1),
(42, '43', 'Haute-Loire', 1),
(43, '44', 'Loire-Atlantique', 10),
(44, '45', 'Loiret', 7),
(45, '46', 'Lot', 4),
(46, '47', 'Lot-et-Garonne', 6),
(47, '48', 'Lozère', 4),
(48, '49', 'Maine-et-Loire', 10),
(49, '50', 'Manche', 5),
(50, '51', 'Marne', 9),
(51, '52', 'Haute-Marne', 9),
(52, '53', 'Mayenne', 10),
(53, '54', 'Meurthe-et-Moselle', 9),
(54, '55', 'Meuse', 9),
(55, '56', 'Morbihan', 11),
(56, '57', 'Moselle', 9),
(57, '58', 'Nièvre', 8),
(58, '59', 'Nord', 2),
(59, '60', 'Oise', 2),
(60, '61', 'Orne', 5),
(61, '62', 'Pas-de-Calais', 2),
(62, '63', 'Puy-de-Dôme', 1),
(63, '64', 'Pyrénées-Atlantiques', 6),
(64, '65', 'Hautes-Pyrénées', 4),
(65, '66', 'Pyrénées-Orientales', 4),
(66, '67', 'Bas-Rhin', 9),
(67, '68', 'Haut-Rhin', 9),
(68, '69', 'Rhône', 1),
(69, '70', 'Haute-Saône', 8),
(70, '71', 'Saône-et-Loire', 8),
(71, '72', 'Sarthe', 10),
(72, '73', 'Savoie', 1),
(73, '74', 'Haute-Savoie', 1),
(74, '75', 'Paris', 12),
(75, '76', 'Seine-Maritime', 5),
(76, '77', 'Seine-et-Marne', 12),
(77, '78', 'Yvelines', 12),
(78, '79', 'Deux-Sèvres', 6),
(79, '80', 'Somme', 2),
(80, '81', 'Tarn', 4),
(81, '82', 'Tarn-et-Garonne', 4),
(82, '83', 'Var', 3),
(83, '84', 'Vaucluse', 3),
(84, '85', 'Vendée', 10),
(85, '86', 'Vienne', 6),
(86, '87', 'Haute-Vienne', 6),
(87, '88', 'Vosges', 9),
(88, '89', 'Yonne', 8),
(89, '90', 'Territoire de Belfort', 8),
(90, '91', 'Essonne', 12),
(91, '92', 'Hauts-de-Seine', 12),
(92, '93', 'Seine-Saint-Denis', 12),
(93, '94', 'Val-de-Marne', 12),
(94, '95', 'Val-d\'Oise', 12),
(95, '2A', 'Corse-du-Sud', 13),
(96, '2B', 'Haute-Corse', 13),
(97, '971', 'Guadeloupe', 14),
(98, '972', 'Martinique', 15),
(99, '973', 'Guyane', 16),
(100, '974', 'La Réunion', 17);

-- --------------------------------------------------------

--
-- Table structure for table `doctrine_migration_versions`
--

CREATE TABLE `doctrine_migration_versions` (
  `version` varchar(191) NOT NULL,
  `executed_at` datetime DEFAULT NULL,
  `execution_time` int(11) DEFAULT NULL
) ENGINE=InnoDB DEFAULT CHARSET=utf8mb4 COLLATE=utf8mb4_general_ci;

--
-- Dumping data for table `doctrine_migration_versions`
--

INSERT INTO `doctrine_migration_versions` (`version`, `executed_at`, `execution_time`) VALUES
('DoctrineMigrations\\Version20260218191838', '2026-02-18 20:18:51', 1175),
('DoctrineMigrations\\Version20260218192652', '2026-02-18 20:26:55', 1206),
('DoctrineMigrations\\Version20260221135715', '2026-02-21 14:57:30', 310);

-- --------------------------------------------------------

--
-- Table structure for table `messenger_messages`
--

CREATE TABLE `messenger_messages` (
  `id` bigint(20) NOT NULL,
  `body` longtext NOT NULL,
  `headers` longtext NOT NULL,
  `queue_name` varchar(190) NOT NULL,
  `created_at` datetime NOT NULL,
  `available_at` datetime NOT NULL,
  `delivered_at` datetime DEFAULT NULL
) ENGINE=InnoDB DEFAULT CHARSET=utf8mb4 COLLATE=utf8mb4_general_ci;

-- --------------------------------------------------------

--
-- Table structure for table `region`
--

CREATE TABLE `region` (
  `id` int(11) NOT NULL,
  `code_region` varchar(10) NOT NULL,
  `nom_region` varchar(100) NOT NULL
) ENGINE=InnoDB DEFAULT CHARSET=utf8mb4 COLLATE=utf8mb4_general_ci;

--
-- Dumping data for table `region`
--

INSERT INTO `region` (`id`, `code_region`, `nom_region`) VALUES
(1, '84', 'AUVERGNE-RHÔNE-ALPES'),
(2, '32', 'HAUTS-DE-FRANCE'),
(3, '93', 'PROVENCE-ALPES-CÔTE D\'AZUR'),
(4, '76', 'OCCITANIE'),
(5, '28', 'NORMANDIE'),
(6, '75', 'NOUVELLE-AQUITAINE'),
(7, '24', 'CENTRE-VAL DE LOIRE'),
(8, '27', 'BOURGOGNE-FRANCHE-COMTÉ'),
(9, '44', 'GRAND EST'),
(10, '52', 'PAYS DE LA LOIRE'),
(11, '53', 'BRETAGNE'),
(12, '11', 'ÎLE-DE-FRANCE'),
(13, '94', 'CORSE'),
(14, '01', 'GUADELOUPE'),
(15, '02', 'MARTINIQUE'),
(16, '03', 'GUYANE'),
(17, '04', 'LA RÉUNION'),
(18, '06', 'MAYOTTE');

-- --------------------------------------------------------

--
-- Table structure for table `statistique`
--

CREATE TABLE `statistique` (
  `id` int(11) NOT NULL,
  `annee` int(11) NOT NULL,
  `nombre_habitants` int(11) DEFAULT NULL,
  `densite_population` double DEFAULT NULL,
  `variation_population` double DEFAULT NULL,
  `pourcentage_pop_moins20` double DEFAULT NULL,
  `pourcentage_pop_60plus` double DEFAULT NULL,
  `moyenne_construction_10ans` double DEFAULT NULL,
  `taux_logements_vacants_parc_social` double DEFAULT NULL,
  `taux_chomage` double DEFAULT NULL,
  `taux_pauvrete` double DEFAULT NULL,
  `nombre_logements` int(11) DEFAULT NULL,
  `taux_logements_sociaux` double DEFAULT NULL,
  `taux_logements_vacants` double DEFAULT NULL,
  `construction_neuve` int(11) DEFAULT NULL,
  `parc_social_nombre_logements` int(11) DEFAULT NULL,
  `parc_social_loyer_moyen` double DEFAULT NULL,
  `residences_principales` int(11) DEFAULT NULL,
  `departement_id` int(11) NOT NULL,
  `taux_logements_individuels` double DEFAULT NULL,
  `parc_social_logements_mis_location` int(11) DEFAULT NULL
) ENGINE=InnoDB DEFAULT CHARSET=utf8mb4 COLLATE=utf8mb4_general_ci;

--
-- Dumping data for table `statistique`
--

INSERT INTO `statistique` (`id`, `annee`, `nombre_habitants`, `densite_population`, `variation_population`, `pourcentage_pop_moins20`, `pourcentage_pop_60plus`, `moyenne_construction_10ans`, `taux_logements_vacants_parc_social`, `taux_chomage`, `taux_pauvrete`, `nombre_logements`, `taux_logements_sociaux`, `taux_logements_vacants`, `construction_neuve`, `parc_social_nombre_logements`, `parc_social_loyer_moyen`, `residences_principales`, `departement_id`, `taux_logements_individuels`, `parc_social_logements_mis_location`) VALUES
(1, 2023, 140230, 25, 1.17, 20.79, 33.46, 1271, 2.56, 6.7, 13.9, 138751, 12, 6, 1964, 8016, 5.3, 67476, 5, 44, 74),
(2, 2022, 2056455, 402, 4.08, 24, 27, 12816, 2.25, 9.1, 17.9, 1044973, 18, 8, 11574, 162109, 5.93, 916900, 13, 37, 2007),
(3, 2021, 379707, 233, -5.86, 24, 27, 3437, 5.65, 19.4, 34.5, 229421, 21.53, 15.24, 2956, 37208, 6.15, 172818, 97, 74.67, 140),
(4, 2023, 276600, 45, -4.91, 21.69, 34.18, 483, 6.84, 6.4, 15, 164988, 16, 11, 641, 21228, 4.94, 129291, 60, 80, 107),
(5, 2023, 430512, 73, 0.02, 25.03, 27.41, 2060, 3.69, 6.6, 11.8, 218433, 18, 9, 3752, 32832, 5.19, 186252, 27, 74, 517),
(6, 2023, 217378, 32, -5.56, 19.75, 36.44, 442, 3.76, 7, 14.6, 138959, 16, 13, 540, 17397, 5.31, 105611, 35, 83, 105),
(7, 2022, 1434439, 223, 13.82, 24, 22, 14941, 1.74, 8, 13.3, 740546, 14, 7, 13084, 94394, 6.34, 654629, 30, 49, 3243),
(8, 2022, 378068, 61, 5.03, 21, 34, 2143, 2.74, 10.5, 20, 265167, 10, 8, 2674, 18191, 5.47, 175600, 11, 71, 331),
(9, 2022, 600924, 87, 1.1, 22, 34, 3239, 1.87, 6.8, 12.1, 371643, 8, 9, 4299, 23322, 5.11, 278422, 21, 82, 300),
(10, 2021, 1882578, 579, 9.12, 25, 22, 13653, 1.72, 7.3, 14.2, 926575, 21.18, 7.34, 11750, 175627, 6.12, 829300, 68, 28.59, 2955),
(11, 2021, 492896, 83, -1.17, 21, 32, 2214, 3.2, 5.8, 12, 298631, 16.52, 8.37, 2077, 37820, 4.73, 228960, 49, 79.89, 62),
(12, 2023, 144123, 25, -2.34, 18.98, 36.56, 508, 3.07, 4.1, 13.2, 102234, 9, 12, 534, 6156, 5.2, 69236, 15, 76, 34),
(13, 2023, 1436079, 243, 7.3, 27.17, 20.98, 10738, 2.43, 6.6, 11.7, 634163, 19, 7, 11227, 110951, 6.39, 571820, 76, 57, 2247),
(14, 2023, 526983, 72, -2.65, 24.51, 28.11, 1277, 3.64, 10.3, 18, 267555, 18, 10, 1490, 40989, 5.37, 231594, 2, 76, 254),
(15, 2022, 165171, 24, 2.62, 21, 35, 859, 3.38, 9.1, 16.6, 129690, 10, 8, 1170, 7540, 5.87, 78495, 4, 61, 16),
(16, 2022, 684609, 101, 3.79, 25, 27, 3453, 3.41, 7.2, 13.2, 348977, 17, 9, 4493, 51374, 5.78, 300347, 44, 68, 324),
(17, 2021, 608781, 99, 3.09, 23, 28, 3623, 2.84, 6.9, 13, 325171, 17.99, 8.64, 3325, 50703, 5.33, 281840, 36, 62.95, 786),
(18, 2023, 1102251, 256, 1.94, 21.04, 31.31, 6846, 1.81, 7.2, 16.2, 783398, 12, 8, 6624, 60251, 6.7, 519776, 6, 24, 1611),
(19, 2022, 1045213, 167, 0.01, 22, 28, 5326, 4.17, 7.8, 15.3, 523268, 17, 9, 6960, 78499, 5.53, 463372, 56, 55, 664),
(20, 2023, 519421, 80, 6.44, 23.75, 29.16, 3157, 1.85, 7.7, 14.4, 279948, 13, 9, 3352, 29646, 5.53, 233506, 25, 64, 787),
(21, 2023, 769112, 161, 2.68, 24.17, 28.96, 3319, 5.97, 7.1, 15, 403254, 17, 10, 4729, 60359, 5.17, 345635, 41, 51, 1049),
(22, 2023, 485651, 118, 7.32, 21.54, 33.49, 3599, 3.75, 11.7, 20.7, 359151, 11, 8, 3546, 25888, 5.52, 229563, 65, 56, 724),
(23, 2022, 185528, 40, 10.01, 20, 30, 2108, 1.99, 7.3, 20.1, 133540, 11, 3, 2417, 9014, 5.64, 81397, 96, 51, 239),
(24, 2022, 660875, 114, 9.45, 26, 24, 5363, 3.85, 5.9, 10.5, 321432, 17, 8, 5772, 47407, 5.9, 277345, 1, 63, 910),
(25, 2022, 279997, 32, 1.52, 20, 35, 1265, 3.99, 5.9, 14, 182769, 7, 11, 1376, 8622, 4.76, 131225, 12, 74, 9),
(26, 2022, 612237, 99, 3.13, 23, 29, 3641, 2.31, 6.8, 12.4, 328095, 18, 9, 4500, 51925, 5.37, 283871, 36, 63, 308),
(27, 2022, 439852, 72, 4.99, 23, 28, 4490, 2.66, 6.5, 10.3, 352254, 18, 6, 5767, 35004, 5.97, 199957, 72, 38, 435),
(28, 2021, 856858, 342, 4.35, 29, 18, 7394, 1.44, 17.4, 38.9, 376047, 23.23, 8.71, 6563, 77216, 6.07, 332399, 100, 66.05, 1638),
(29, 2023, 1099074, 162, 10.3, 24.91, 24.16, 9866, 1.93, 5.4, 10.7, 546440, 16, 7, 10930, 75378, 5.6, 471034, 34, 59, 1130),
(30, 2023, 614119, 100, 3.44, 23.03, 28.5, 3634, 2.61, 6.3, 12.4, 330454, 18, 9, 4369, 52275, 5.39, 286623, 36, 62, 483),
(31, 2023, 371487, 67, -1.22, 21.01, 32.25, 1436, 3.1, 6.3, 15.3, 221779, 14, 10, 2024, 26483, 5.18, 183146, 86, 66, 301),
(32, 2023, 181165, 29, -6.4, 22.15, 31.19, 303, 5.86, 7.3, 14.2, 100007, 12, 12, 493, 9758, 5.12, 83065, 54, 76, 1),
(33, 2022, 1090123, 181, 7.64, 21, 34, 8647, 3.34, 8.2, 15.3, 729223, 11, 6, 8011, 53552, 5.83, 501337, 82, 47, 1247),
(34, 2022, 1457875, 635, 3.13, 27, 23, 8668, 2.6, 6.7, 9.7, 649383, 22, 6, 8455, 129509, 6.72, 590685, 77, 42, 2300),
(35, 2022, 392053, 68, 3.81, 22, 33, 1893, 4.58, 8, 15.3, 214423, 9, 9, 2631, 15454, 4.99, 178826, 80, 79, 151),
(36, 2022, 1668164, 7025, 9.04, 29, 17, 13400, 2.32, 10.9, 27.6, 687238, 37, 6, 11531, 235058, 6.78, 638197, 92, 24, 3328),
(37, 2022, 290528, 3, 22.3, 41, 10, 1849, 6, 14.5, 77.3, 94768, 23.61, 11, 1998, 19373, 6.4, 82045, 99, 60, 119053),
(38, 2022, 1461267, 212, 12.72, 25, 24, 12816, 1.64, 6.5, 10, 764010, 14, 6, 12601, 92148, 5.88, 641172, 43, 61, 1494),
(39, 2021, 349878, 58, -0.48, 20, 33, 1382, 3.72, 7.5, 15, 198241, 9.76, 10.59, 1179, 16066, 5.17, 164551, 16, 82.77, 170),
(40, 2023, 767636, 218, 1.94, 22.96, 27.24, 4163, 2.85, 6.8, 13.2, 386082, 15, 9, 6265, 50403, 5.65, 338153, 67, 52, 572),
(41, 2023, 1895426, 583, 8.67, 25.15, 22.35, 12922, 2.17, 6.2, 14.1, 949531, 21, 7, 11559, 180063, 6.23, 847309, 68, 28, 2854),
(42, 2023, 698670, 126, 1.96, 23.29, 29.01, 5056, 2.59, 6.3, 11.9, 426069, 19, 7, 6162, 60144, 5.68, 320938, 14, 60, 584),
(43, 2022, 76604, 15, -0.72, 20, 34, 366, 6.54, 4.9, 14.9, 61547, 8, 10, 418, 2891, 5.2, 35342, 47, 78, 8),
(44, 2022, 216392, 32, -5.99, 20, 36, 462, 4.04, 7.4, 14.6, 138826, 17, 13, 628, 17539, 5.3, 105404, 35, 83, 60),
(45, 2022, 669014, 84, 5.28, 22, 29, 3821, 3.03, 6.8, 13.2, 392038, 14, 10, 4981, 43602, 5.47, 311902, 62, 63, 592),
(46, 2022, 267127, 51, -5.65, 23, 30, 653, 4.37, 9.5, 18.3, 142983, 20, 12, 736, 24336, 5.05, 121244, 8, 71, 119),
(47, 2022, 656951, 95, 5, 20, 36, 5524, 1.58, 7.9, 12.4, 440935, 10, 7, 6238, 29722, 5.56, 311814, 17, 77, 457),
(48, 2021, 310161, 51, 2.25, 24, 28, 1448, 3.7, 10, 16.2, 165501, 22.68, 9.52, 1431, 32186, 5.37, 141918, 10, 65.69, 717),
(49, 2021, 411528, 45, -0.63, 18, 37, 1942, 7.32, 7.9, 16.3, 260245, 7.28, 10.31, 1992, 14256, 5.21, 195895, 23, 84.29, 119),
(50, 2021, 334626, 45, -2.3, 22, 32, 933, 4.52, 6.9, 14.5, 197683, 13.58, 11.79, 797, 20815, 5.22, 153251, 88, 77.88, 138),
(51, 2021, 1409629, 223, 13.35, 24, 22, 15649, 1.84, 8.2, 13.3, 728248, 14.24, 7.26, 15011, 91643, 6.23, 643337, 30, 49.36, 3265),
(52, 2021, 140349, 25, 2.47, 21, 32, 1155, 2.72, 7.5, 13.9, 136581, 12, 5.84, 1177, 7972, 5.29, 66428, 5, 43.19, 96),
(53, 2022, 534164, 61, 1.57, 22, 28, 3064, 2.58, 5.8, 11.5, 292479, 15, 9, 3323, 37029, 5.77, 251175, 20, 54, 477),
(54, 2022, 841639, 190, 12.67, 25, 23, 10755, 1.6, 6.5, 9.4, 525404, 14, 6, 10038, 50419, 6.33, 366281, 73, 40, 1303),
(55, 2021, 371228, 67, -1.32, 21, 32, 1382, 4.51, 7.2, 15.5, 220762, 14.37, 9.68, 1350, 26183, 5.08, 182193, 86, 66.24, 313),
(56, 2021, 76573, 14, -0.66, 20, 33, 396, 7.4, 4.7, 14.5, 61340, 8.22, 10.44, 361, 2893, 5.16, 35191, 47, 78.15, 25),
(57, 2022, 563998, 69, -0.45, 24, 26, 2859, 3.73, 7.4, 14.2, 297288, 28, 9, 2834, 73671, 5.42, 261398, 50, 55, 482),
(58, 2022, 1310435, 726, 6.96, 27, 21, 8965, 2.83, 6.9, 13.2, 570417, 24, 7, 8236, 127420, 6.59, 523349, 90, 46, 2635),
(59, 2021, 374608, 62, 1.45, 22, 30, 1381, 3.27, 5.6, 12.3, 195050, 9.33, 9.13, 1069, 15665, 5.11, 167961, 78, 85.79, 216),
(60, 2021, 1657893, 7024, 8.93, 29, 16, 13189, 1.84, 11.1, 28.4, 679663, 36.55, 5.91, 16549, 231016, 6.6, 632024, 92, 23.55, 3776),
(61, 2023, 549467, 64, -1.17, 21.48, 33.69, 1791, 6.7, 6.4, 12.8, 312880, 17, 10, 2246, 42767, 5.38, 257547, 70, 70, 243),
(62, 2022, 2607879, 453, 1.11, 26, 24, 12405, 1.19, 9.8, 18.4, 1232504, 25, 8, 12512, 275273, 5.7, 1116712, 58, 66, 2965),
(63, 2022, 2147716, 20515, -4.54, 19, 23, 3963, 2.15, 6.4, 15.4, 1389375, 21, 9, 2503, 236748, 8.2, 1137759, 74, 1, 2142),
(64, 2022, 262863, 70, 7.49, 24, 29, 1322, 2.61, 9.1, 16.3, 133522, 8, 10, 1865, 8822, 5.51, 112575, 81, 79, 140),
(65, 2021, 165232, 23, 3.17, 20, 34, 956, 3.8, 9, 16.8, 129062, 9.66, 8.35, 817, 7544, 5.84, 78089, 4, 60.89, 243),
(66, 2021, 359821, 318, -8.71, 21, 30, 2869, 3.92, 14.9, 29.8, 213707, 20.31, 15.43, 2637, 33971, 5.59, 167251, 98, 62.23, 652),
(67, 2021, 532576, 60, 1.57, 22, 27, 3087, 2.29, 6, 11.2, 290523, 14.81, 8.44, 3278, 36983, 5.7, 249765, 20, 54.35, 628),
(68, 2021, 1252833, 199, 0.19, 24, 26, 6958, 2.36, 8.8, 14.9, 645785, 25.97, 8.09, 6339, 147572, 5.47, 568220, 75, 55.91, 885),
(69, 2021, 239470, 40, -1.68, 20, 35, 938, 3.65, 6.4, 13.1, 154656, 8.61, 11.05, 857, 9829, 4.86, 114177, 19, 78.15, 69),
(70, 2021, 191322, 30, 1.68, 19, 35, 921, 4.41, 6.1, 14.9, 111171, 6.49, 10.57, 764, 5763, 4.88, 88771, 31, 81.44, 94),
(71, 2021, 389012, 67, 3.63, 21, 32, 1859, 4.59, 8, 15.6, 212905, 8.67, 9.17, 1719, 15385, 4.96, 177548, 80, 78.8, 70),
(72, 2021, 1085753, 160, 9.88, 25, 23, 9266, 2.42, 6.3, 10.5, 554254, 15.4, 6.69, 10701, 73607, 5.48, 478061, 34, 59.67, 1479),
(73, 2023, 1049612, 169, 0.43, 22.22, 27.5, 5512, 4.23, 7, 15.3, 527832, 17, 9, 7731, 79382, 5.49, 467655, 56, 55, 776),
(74, 2023, 2131104, 20296, -5.28, 18.73, 22.82, 3712, 1.57, 5.6, 15.4, 1393800, 21, 9, 2474, 239341, 8, 1131610, 74, 1, 1996),
(75, 2023, 494474, 83, -1.01, 21.64, 32.81, 2094, 2.64, 5.1, 11.4, 301071, 16, 8, 2876, 38015, 4.77, 231224, 49, 80, 131),
(76, 2022, 143790, 25, -2.57, 19, 37, 525, 3.88, 4.3, 13.2, 101953, 9, 12, 572, 6231, 5.21, 68977, 15, 76, 84),
(77, 2022, 1436063, 241, 7.29, 27, 21, 10456, 2.63, 7.3, 11.7, 626435, 19, 7, 12044, 108619, 6.44, 564817, 76, 57, 1636),
(78, 2022, 526857, 72, -2.67, 25, 28, 1312, 4.16, 11.1, 18, 266922, 18, 10, 1379, 40922, 5.33, 230907, 2, 76, 246),
(79, 2021, 234567, 43, -2.08, 22, 30, 789, 5.87, 6.8, 13.2, 128333, 10.57, 10.78, 712, 11269, 4.86, 106579, 69, 76.4, 113),
(80, 2023, 562700, 158, 2.94, 23.43, 29.4, 3709, 1.66, 9.5, 19.5, 311098, 14, 10, 4360, 36248, 5.84, 253217, 83, 64, 316),
(81, 2023, 683940, 101, 3.69, 25.02, 26.84, 3547, 2.93, 6.9, 13.2, 351028, 17, 9, 4505, 51368, 5.8, 302477, 44, 68, 471),
(82, 2023, 161872, 40, 10.99, 20.21, 31.21, 2128, 4.76, 5.8, 16.3, 123650, 9, 3, 1589, 6613, 6.08, 71095, 95, 52, 258),
(83, 2023, 374428, 62, 0.94, 22.81, 30.87, 1242, 2.59, 5.1, 11.9, 196421, 9, 9, 1912, 15473, 5.14, 169208, 78, 86, 93),
(84, 2022, 138931, 230, -3.08, 24, 27, 496, 5.41, 9, 14.8, 73180, 22, 10, 597, 14223, 5.15, 64621, 89, 47, 21),
(85, 2022, 168391, 27, -7.67, 21, 33, 338, 10.01, 6.5, 15, 100382, 20, 12, 408, 15865, 5.04, 80817, 51, 74, 35),
(86, 2021, 818345, 114, 4.27, 25, 26, 4236, 1.99, 7.2, 11.4, 397886, 18.54, 6.81, 4365, 66463, 5.35, 358513, 48, 69.68, 629),
(87, 2021, 376059, 61, 5.5, 21, 33, 2256, 2.58, 10.4, 20.7, 263889, 10.26, 8.54, 1754, 17882, 5.36, 174294, 11, 70.74, 288),
(88, 2021, 549364, 64, -1.13, 21, 33, 1908, 8.78, 6.7, 13.1, 311498, 16.65, 10.3, 1695, 42663, 5.23, 256157, 70, 69.57, 122),
(89, 2023, 165830, 24, 3.03, 20.74, 34.42, 879, 3.04, 8.1, 16.6, 130500, 10, 8, 1351, 7587, 5.9, 79450, 4, 61, 80),
(90, 2023, 441899, 73, 5.48, 23.09, 27.5, 4628, 3.02, 5.2, 10.3, 355575, 17, 6, 5677, 35369, 6, 202682, 72, 38, 541),
(91, 2022, 191910, 31, 1.6, 20, 36, 819, 3.55, 6.1, 15, 111536, 7, 11, 905, 5889, 5.08, 89063, 31, 81, 137),
(92, 2022, 1460003, 219, -0.19, 25, 26, 6173, 1.53, 9, 17.8, 720800, 26, 8, 8995, 161622, 5.63, 619227, 61, 77, 1025),
(93, 2022, 239019, 41, -1.42, 20, 36, 813, 3.38, 6.4, 13.1, 155041, 9, 11, 968, 9754, 4.82, 114337, 19, 78, 56),
(94, 2022, 565314, 91, -0.07, 24, 29, 1777, 1.96, 7.7, 12.9, 293561, 16, 9, 1934, 39300, 5.18, 252699, 71, 75, 209),
(95, 2021, 1449520, 634, 2.89, 26, 22, 8636, 2.58, 6.7, 9.7, 643946, 21.67, 6.34, 9190, 127062, 6.46, 586449, 77, 41.92, 2681),
(96, 2021, 229205, 51, -0.11, 19, 34, 1126, 4.3, 8.8, 15.4, 162729, 11.55, 9.54, 927, 12629, 5.38, 109301, 64, 60.07, 75),
(97, 2021, 218129, 32, -5.64, 19, 36, 521, 3.61, 7.5, 14.5, 138879, 16.59, 13.33, 444, 17530, 5.25, 105675, 35, 82.9, 87),
(98, 2023, 238576, 41, -1.6, 19.7, 35.67, 859, 2.39, 5.9, 13.1, 155575, 9, 11, 1516, 9748, 5.18, 114511, 19, 78, 52),
(99, 2023, 351576, 59, -0.32, 20.77, 33.35, 1315, 2.74, 6.7, 14.6, 199746, 10, 11, 2028, 16291, 5.22, 165957, 16, 83, 208),
(100, 2023, 1154712, 243, 5.04, 22.65, 25.61, 7807, 2.94, 6.1, 13.2, 575001, 14, 8, 8185, 71057, 5.96, 510782, 66, 45, 1034),
(101, 2023, 290714, 3, 22.38, 41.38, 9.86, 1666, 4.5, 10.9, 77.3, 88986, 26, 10, 1266, 20310, 6.47, 77930, 99, 62, 1125),
(102, 2022, 567745, 92, -0.61, 24, 27, 2595, 2.57, 9.1, 15.7, 303449, 17, 8, 2456, 42266, 5.65, 252610, 79, 73, 476),
(103, 2022, 360241, 62, -4.91, 21, 33, 1080, 4.3, 8.2, 14.9, 214287, 14, 11, 1452, 24294, 4.79, 169179, 87, 65, 53),
(104, 2022, 141039, 25, 1.76, 21, 33, 1170, 2.62, 7.8, 13.9, 137644, 12, 6, 1782, 7968, 5.32, 67005, 5, 43, 0),
(105, 2022, 822488, 114, 4.07, 25, 27, 4315, 1.91, 7, 11.1, 400508, 18, 7, 6547, 66385, 5.41, 360982, 48, 70, 543),
(106, 2021, 765546, 160, 2.22, 24, 28, 3296, 6.28, 7.8, 15, 399133, 17.57, 10.35, 3285, 60011, 5.12, 341580, 41, 50.96, 429),
(107, 2021, 429641, 73, 0.17, 24, 27, 1823, 4.02, 7.2, 12, 216684, 17.46, 8.63, 2006, 32310, 5.13, 185040, 27, 73.81, 337),
(108, 2021, 1636085, 152, 12.89, 23, 25, 16642, 1.27, 7.5, 12.6, 872327, 14.41, 6.22, 16419, 106677, 6.03, 740536, 32, 61.57, 3298),
(109, 2023, 690920, 90, 5.23, 20.93, 31.63, 5175, 1.59, 5.6, 12.2, 417293, 12, 8, 4712, 38062, 5.79, 328032, 63, 51, 760),
(110, 2021, 288086, 3, 25.78, 41, 9, 2021, 6.51, 17.8, 77.3, 91566, 23.63, 9.99, 2600, 18920, 6.28, 80060, 99, 60.57, 941),
(111, 2023, 392328, 68, 3.88, 21.65, 33.02, 1962, 3.9, 7.7, 15.3, 215987, 9, 9, 2875, 15520, 4.95, 180334, 80, 79, 88),
(112, 2021, 181387, 29, -6.46, 22, 30, 363, 8.44, 7.3, 14.5, 99893, 12.18, 12.1, 223, 10134, 5.05, 83213, 54, 76.27, 42),
(113, 2021, 414728, 44, 7.91, 20, 32, 3938, 1.56, 7.6, 11.8, 259512, 7.21, 6.64, 5440, 13617, 5.32, 188793, 39, 72.89, 504),
(114, 2023, 920279, 137, 2.27, 21.92, 31.19, 5350, 2.62, 6.1, 11, 542677, 12, 7, 7030, 49278, 5.44, 425945, 28, 73, 629),
(115, 2023, 332620, 45, -2.87, 22.45, 32.14, 748, 3.54, 6.7, 14.3, 197870, 14, 12, 781, 20806, 5.24, 153168, 88, 78, 32),
(116, 2023, 1452852, 636, 2.77, 26.6, 22.51, 8785, 2.37, 6.3, 9.7, 654741, 22, 6, 10457, 131550, 6.63, 595559, 77, 41, 2451),
(117, 2023, 1459338, 219, -0.24, 25.21, 26.19, 6259, 2.39, 8.1, 17.8, 724156, 26, 7, 7776, 161931, 5.66, 623163, 61, 77, 1302),
(118, 2023, 334381, 46, -2.44, 20.2, 35.69, 848, 5.73, 7.4, 15.3, 209251, 12, 15, 1239, 19986, 5.23, 162975, 3, 72, 4),
(119, 2022, 1098420, 160, 10.23, 25, 24, 9589, 2.36, 5.8, 10.7, 561343, 15, 7, 13538, 73717, 5.55, 484150, 34, 60, 1215),
(120, 2022, 1661929, 153, 13.55, 23, 26, 16041, 1, 7.2, 12.4, 886986, 14, 6, 14536, 108888, 6.11, 753105, 32, 61, 2707),
(121, 2022, 374763, 62, 1.03, 23, 31, 1212, 2.65, 5.6, 11.9, 195568, 9, 9, 1494, 15556, 5.12, 168390, 78, 86, 90),
(122, 2022, 370651, 67, -1.44, 21, 32, 1363, 4.09, 7, 15.3, 221194, 14, 10, 1550, 26244, 5.16, 182385, 86, 66, 156),
(123, 2021, 170339, 27, -7.44, 20, 32, 339, 9.47, 6.7, 14.9, 100617, 19.61, 11.7, 251, 15936, 4.96, 81254, 51, 74.56, 49),
(124, 2021, 685441, 89, 4.89, 21, 31, 5484, 2.23, 6.6, 12.3, 409790, 11.47, 8.14, 5438, 36819, 5.72, 320924, 63, 51.16, 920),
(125, 2021, 299153, 41, -3.89, 20, 33, 1038, 5.41, 7.7, 14.3, 179125, 14.7, 12.93, 1079, 20947, 5.16, 142526, 18, 79.29, 16),
(126, 2021, 2154092, 20515, -4, 18, 22, 4180, 1.59, 6.8, 15.2, 1386846, 20.42, 8.48, 3290, 232999, 7.99, 1140771, 74, 0.81, 1585),
(127, 2023, 662032, 115, 9.64, 25.72, 24.35, 5308, 3.23, 5.4, 10.5, 325431, 17, 8, 5933, 48211, 5.98, 280734, 1, 63, 1174),
(128, 2023, 263504, 71, 7.75, 24.05, 29.23, 1389, 2.79, 8.6, 16.3, 134694, 8, 10, 1987, 9144, 5.51, 113831, 81, 78, 347),
(129, 2022, 521894, 80, 6.95, 24, 29, 3210, 2.04, 8.5, 14.4, 277777, 13, 9, 3900, 29173, 5.53, 231521, 25, 64, 441),
(130, 2022, 326778, 52, -1.36, 22, 33, 1156, 5.66, 6.3, 12.5, 185077, 14, 11, 1594, 21496, 4.96, 150114, 40, 80, 87),
(131, 2022, 694684, 102, 8.26, 23, 32, 5601, 3.26, 5.9, 8.9, 430815, 8, 5, 8714, 24256, 5.22, 304996, 84, 84, 332),
(132, 2022, 298669, 41, -4.18, 21, 34, 893, 4.67, 7.8, 14, 179430, 15, 13, 1546, 20905, 5.22, 142513, 18, 79, 15),
(133, 2021, 1184031, 194, 13.35, 22, 27, 11905, 1.31, 11, 19.7, 729652, 12.05, 7.32, 12231, 65454, 5.85, 543017, 33, 48.15, 2013),
(134, 2023, 306043, 59, -0.32, 24.61, 29.06, 1308, 2.89, 4.9, 11, 158874, 12, 9, 1665, 15926, 5.05, 135766, 52, 80, 135),
(135, 2022, 546224, 104, 3.24, 24, 26, 2871, 3.19, 7.3, 12.2, 283778, 15, 9, 3015, 37336, 5.62, 247404, 24, 51, 133),
(136, 2022, 1254203, 200, 0.23, 24, 27, 6426, 2.55, 8.6, 14.6, 649681, 26, 8, 6126, 148713, 5.52, 570684, 75, 56, 1190),
(137, 2021, 436834, 72, 5.27, 22, 27, 4335, 3.13, 6.6, 10, 349226, 17.55, 6.03, 5228, 34769, 5.9, 198138, 72, 37.75, 454),
(138, 2021, 333847, 45, -2.64, 20, 35, 943, 7.37, 8.4, 15.5, 208375, 12.54, 14.63, 860, 20421, 5.16, 162853, 3, 71.84, 232),
(139, 2021, 438390, 62, 2.62, 23, 28, 1955, 4.15, 6.3, 14.3, 241950, 12.52, 9.62, 1747, 25600, 5.31, 204488, 85, 73.97, 111),
(140, 2021, 327835, 51, -0.68, 22, 32, 1207, 7.33, 6.2, 12.6, 184614, 14.33, 10.85, 1051, 21506, 4.92, 150035, 40, 80.3, 90),
(141, 2021, 1411786, 5762, 6.33, 25, 20, 9402, 2.27, 7.8, 16.6, 640016, 30.05, 5.66, 11024, 177902, 6.78, 592118, 93, 21.5, 1801),
(142, 2021, 596993, 98, 1.78, 25, 26, 2694, 2.62, 8, 12.5, 297286, 16.72, 8.28, 2087, 42454, 5.6, 253986, 26, 77.28, 243),
(143, 2021, 1253568, 1006, 7.04, 28, 19, 7875, 2.09, 8.9, 17.2, 510302, 26.57, 5.92, 7655, 125774, 6.38, 473372, 94, 44.21, 1836),
(144, 2023, 201017, 29, -7.93, 19.21, 38.36, 351, 11.05, 6.7, 15.5, 141219, 13, 14, 411, 13054, 5.16, 100066, 57, 78, 15),
(145, 2023, 357191, 317, -8.95, 21.53, 30.65, 2736, 4.58, 10.2, 26.7, 212577, 21, 15, 2906, 34413, 5.78, 167200, 98, 63, 398),
(146, 2022, 275624, 45, -5.25, 22, 34, 496, 7.35, 7.2, 15, 165100, 16, 11, 680, 21168, 4.92, 129193, 60, 80, 100),
(147, 2022, 688474, 90, 4.85, 21, 32, 5211, 1.82, 6.4, 12.2, 413357, 12, 8, 5505, 37485, 5.79, 323663, 63, 51, 709),
(148, 2022, 412163, 45, -0.72, 19, 38, 1935, 3.49, 7.7, 16.1, 261104, 7, 10, 2912, 14360, 5.25, 196500, 23, 84, 82),
(149, 2022, 180059, 29, -6.97, 22, 31, 319, 7.8, 7.5, 14.2, 99834, 12, 12, 394, 10122, 5.08, 82941, 54, 76, 0),
(150, 2021, 831867, 189, 12.71, 24, 22, 11097, 1.66, 6.6, 8.9, 517217, 13.61, 6.22, 12569, 49115, 6.23, 360944, 73, 39.79, 1524),
(151, 2021, 143821, 25, -2.93, 18, 36, 555, 3.85, 4.5, 13, 101693, 9, 11.94, 525, 6195, 5.18, 68833, 15, 75.72, 25),
(152, 2023, 233493, 44, -2.59, 22.8, 30.74, 727, 4.41, 6.3, 13, 128855, 11, 11, 854, 11366, 5.03, 106994, 69, 76, 56),
(153, 2023, 230143, 52, 0.4, 19.84, 34.92, 1123, 5.43, 7.7, 15.5, 164545, 11, 10, 1843, 12625, 5.45, 110673, 64, 60, 80),
(154, 2023, 170280, 27, -6.63, 20.85, 33.22, 305, 7.23, 6.4, 15, 100520, 19, 12, 244, 15731, 4.92, 80979, 51, 75, 50),
(155, 2023, 359915, 61, -4.99, 21.46, 32.45, 1046, 3.12, 7.4, 14.9, 214812, 14, 11, 1513, 24230, 4.82, 169446, 87, 65, 70),
(156, 2023, 381606, 234, -5.69, 24.02, 28.41, 2950, 4.64, 19.3, 34.5, 227525, 22, 15, 2880, 37380, 6.23, 171988, 97, 75, 242),
(157, 2023, 184485, 40, 9.4, 19.67, 30.52, 2119, 1.75, 6.4, 20.1, 135125, 11, 3, 2868, 8986, 5.62, 82538, 96, 50, 102),
(158, 2022, 831944, 142, 3.26, 26, 24, 3323, 1.63, 7.9, 12.8, 378048, 20, 7, 4045, 67912, 5.63, 341929, 59, 67, 738),
(159, 2022, 547937, 64, -1.45, 21, 34, 1827, 8.76, 6.6, 12.8, 311966, 17, 10, 2195, 42839, 5.36, 256502, 70, 70, 98),
(160, 2021, 1079043, 180, 7.03, 20, 33, 8969, 3.3, 8.2, 15.6, 722127, 10.52, 6.14, 9472, 52056, 5.72, 494739, 82, 46.58, 1929),
(161, 2021, 277400, 45, -4.88, 21, 34, 623, 6.94, 7.3, 15.4, 165463, 16.27, 11.25, 429, 21068, 4.67, 129524, 60, 79.49, 73),
(162, 2021, 327740, 59, 4.01, 21, 32, 2004, 4.88, 8.4, 14.4, 204906, 9.22, 9.73, 1951, 13663, 5.23, 148173, 7, 74.68, 202),
(163, 2021, 1426334, 241, 7.66, 27, 20, 10155, 2.97, 7.3, 11.8, 619783, 19.17, 6.77, 12351, 107305, 6.31, 559614, 76, 57.3, 2691),
(164, 2023, 698570, 104, 8.87, 22.7, 32.53, 5915, 3.86, 5.1, 8.9, 435953, 8, 5, 8762, 24728, 5.2, 310051, 84, 83, 531),
(165, 2023, 299546, 41, -3.9, 21.07, 33.86, 879, 4.69, 7.4, 14, 179389, 15, 13, 1191, 20825, 5.27, 142658, 18, 79, 179),
(166, 2023, 1664856, 7054, 8.82, 28.97, 17.34, 13507, 2.16, 10, 27.6, 696152, 37, 6, 13488, 236379, 6.71, 645422, 92, 23, 2808),
(167, 2022, 695207, 125, 1.45, 23, 29, 4905, 3.09, 7.1, 11.9, 422082, 19, 7, 6520, 59840, 5.7, 317127, 14, 60, 669),
(168, 2022, 595697, 99, 1.29, 25, 27, 2385, 2.36, 7.8, 12.3, 298148, 17, 8, 2484, 42513, 5.64, 254430, 26, 77, 229),
(169, 2022, 161082, 40, 10.45, 20, 31, 2199, 2.92, 6.5, 16.3, 122005, 9, 3, 1356, 6327, 6.07, 70014, 95, 52, 72),
(170, 2022, 732085, 139, -0.14, 23, 26, 2746, 2.31, 7.5, 14.6, 379680, 16, 9, 3817, 53629, 5.58, 336776, 53, 53, 538),
(171, 2022, 329841, 59, 3.96, 22, 33, 2010, 4.66, 8.6, 14.3, 206435, 9, 10, 2541, 13743, 5.25, 149347, 7, 75, 112),
(172, 2022, 227229, 46, 1.03, 22, 32, 981, 6.7, 6.1, 11.9, 143916, 8, 12, 1280, 8267, 5.26, 102943, 42, 78, 32),
(173, 2021, 749136, 127, 5.56, 22, 30, 4566, 6.03, 10.6, 19.8, 428087, 12.41, 8.41, 5618, 41731, 5.67, 336215, 29, 62.61, 943),
(174, 2021, 568750, 92, -0.35, 24, 26, 2769, 3.14, 9.1, 16.4, 301740, 16.66, 8.4, 2890, 41888, 5.58, 251457, 79, 73.34, 491),
(175, 2023, 731390, 139, -0.24, 23.11, 26.34, 2824, 2, 6.8, 14.6, 381849, 16, 9, 4289, 53829, 5.52, 338243, 53, 53, 499),
(176, 2023, 227111, 46, 0.98, 22.13, 32.27, 955, 5.32, 5.5, 11.9, 144442, 8, 12, 1219, 8316, 5.3, 103475, 42, 77, 107),
(177, 2023, 1258517, 1010, 6.62, 28.4, 19.68, 7508, 2.18, 7.9, 17, 523106, 27, 6, 6747, 129256, 6.53, 484570, 94, 43, 2409),
(178, 2023, 843675, 192, 12.94, 24.61, 22.92, 10912, 1.75, 5.3, 9.4, 533337, 14, 7, 11153, 51857, 6.29, 372298, 73, 39, 1402),
(179, 2022, 1101039, 253, 1.83, 21, 31, 6923, 1.64, 8.6, 16.2, 778291, 11, 8, 6136, 58685, 6.72, 516674, 6, 24, 1437),
(180, 2021, 1269323, 170, 5.22, 25, 24, 9031, 2.58, 6.6, 11.3, 653289, 16.44, 7.7, 11078, 90178, 5.94, 548468, 37, 49.1, 1191),
(181, 2022, 233489, 44, -2.59, 22, 31, 743, 5.48, 6.8, 13, 128450, 11, 11, 831, 11359, 4.92, 106544, 69, 76, 99),
(182, 2021, 279334, 31, 0.91, 20, 35, 1358, 4.63, 6, 14, 182027, 6.6, 10.83, 1338, 8626, 4.72, 130680, 12, 73.67, 107),
(183, 2021, 765130, 217, 2.05, 23, 27, 3745, 3.15, 8, 12.9, 380237, 15.04, 8.97, 4556, 50180, 5.62, 333661, 67, 51.83, 461),
(184, 2021, 478983, 116, 6.79, 21, 33, 3900, 3.5, 12.2, 21, 352741, 11.07, 8.16, 4043, 24846, 5.45, 224381, 65, 55.87, 693),
(185, 2023, 1655325, 154, 13.09, 22.88, 25.62, 15867, 1.23, 6.4, 12.4, 900198, 15, 6, 13345, 111697, 6.17, 763663, 32, 61, 2939),
(186, 2022, 201110, 30, -7.89, 19, 38, 363, 12.11, 6.5, 15.5, 141411, 13, 14, 375, 13348, 5.15, 100314, 57, 78, 8),
(187, 2023, 1631170, 9268, 3.13, 24.51, 20.68, 11212, 2.42, 5.8, 11.9, 815765, 28, 7, 9227, 205753, 6.97, 731525, 91, 11, 2677),
(188, 2023, 2055002, 404, 4, 23.36, 27.09, 12513, 2.36, 8.6, 17.9, 1055315, 18, 8, 11519, 164055, 5.89, 925755, 13, 37, 2574),
(189, 2023, 154222, 32, 1.27, 20.46, 34.5, 591, 2.63, 9.3, 17.9, 110875, 5, 9, 696, 3653, 5.05, 73183, 9, 80, 3),
(190, 2023, 866669, 346, 4.6, 29.5, 19.26, 7225, 0.92, 17.1, 35.6, 369895, 25, 9, 7534, 80739, 6.24, 328195, 100, 66, 1828),
(191, 2022, 1280557, 171, 5.38, 25, 25, 8955, 2.77, 6.5, 11.3, 659031, 17, 8, 10993, 91920, 6.03, 553122, 37, 49, 1987),
(192, 2022, 114609, 21, -6.49, 18, 40, 240, 10.48, 7.1, 18.3, 88646, 10, 16, 249, 5469, 4.59, 57111, 22, 86, 0),
(193, 2021, 1041009, 167, -0.39, 22, 27, 5166, 4.92, 7.7, 15.3, 518771, 17.03, 9.15, 5708, 78412, 5.47, 460366, 56, 55, 670),
(194, 2023, 376885, 61, 4.7, 21.08, 34.02, 2069, 2.71, 9.9, 20, 266877, 10, 8, 1885, 18419, 5.46, 177287, 11, 71, 418),
(195, 2023, 566872, 92, -0.76, 23.91, 27.06, 2584, 2.67, 8.6, 15.7, 305380, 17, 8, 2628, 42598, 5.65, 254010, 79, 73, 448),
(196, 2022, 230579, 51, 0.59, 20, 35, 1054, 4.53, 8.8, 15.5, 163634, 12, 10, 1462, 12617, 5.43, 109681, 64, 60, 23),
(197, 2022, 332048, 45, -3.04, 22, 32, 791, 4.59, 7.1, 14.3, 197718, 14, 12, 948, 20929, 5.26, 152951, 88, 78, 165),
(198, 2022, 866181, 342, 4.54, 29, 19, 7258, 1, 18, 35.6, 383878, 23.36, 9, 7962, 78957, 6.2, 338066, 100, 66, 255425),
(199, 2021, 267496, 51, -5.56, 22, 29, 718, 4.97, 9.5, 18.9, 143015, 19.94, 11.43, 670, 24259, 4.99, 121658, 8, 71.18, 296),
(200, 2021, 1459364, 218, -0.14, 25, 25, 6238, 2.29, 9, 19.3, 717901, 26.13, 7.62, 5788, 161359, 5.64, 617546, 61, 77.27, 1297),
(201, 2021, 1309566, 725, 7.75, 27, 20, 9513, 2.43, 7, 13.1, 564587, 24.06, 6.48, 8002, 124822, 6.34, 518768, 90, 46.16, 2912),
(202, 2021, 560425, 157, 3.19, 23, 29, 3549, 2.27, 10.1, 20, 305436, 14.17, 10.09, 3765, 35347, 5.73, 249368, 83, 64.15, 505),
(203, 2021, 760313, 111, 5.36, 22, 32, 5404, 2.69, 6.6, 11.2, 468872, 10.73, 7.28, 5605, 37612, 5.37, 350465, 55, 73.65, 459),
(204, 2021, 563834, 69, -0.26, 24, 26, 2922, 4.78, 7.6, 14.4, 295610, 28.34, 8.99, 3574, 73839, 5.36, 260554, 50, 55.41, 704),
(205, 2021, 693310, 124, 1.49, 23, 28, 4859, 2.66, 7.2, 12.4, 419713, 18.82, 6.81, 4977, 59435, 5.6, 315751, 14, 60.22, 570),
(206, 2021, 330756, 61, -0.11, 21, 33, 1275, 1.96, 7.9, 17, 186511, 7.35, 11.49, 1543, 11276, 5.19, 153366, 46, 79.58, 138),
(207, 2023, 546630, 104, 3.31, 24.49, 26.02, 2893, 2.93, 6.3, 12.2, 285770, 15, 9, 3019, 36989, 5.69, 248963, 24, 51, 226),
(208, 2023, 565685, 69, -0.16, 23.87, 26.36, 2742, 3.46, 7, 14.2, 299421, 28, 9, 2991, 73089, 5.44, 262478, 50, 55, 484),
(209, 2023, 567068, 91, 0.24, 24.01, 29.26, 1789, 1.32, 6.8, 12.9, 294778, 16, 9, 2585, 39399, 5.19, 253990, 71, 75, 236),
(210, 2023, 598404, 99, 1.75, 25.36, 26.52, 2376, 1.96, 6.7, 12.3, 299419, 16, 8, 3208, 42169, 5.62, 256061, 26, 77, 179),
(211, 2023, 768617, 113, 5.71, 21.99, 32.74, 5672, 2.02, 5.6, 11.5, 464186, 11, 7, 6835, 38362, 5.37, 346231, 55, 74, 618),
(212, 2022, 1150899, 240, 4.7, 23, 26, 7771, 3.01, 6.7, 13.2, 567991, 14, 8, 8336, 69870, 5.98, 504685, 66, 46, 1352),
(213, 2022, 419507, 45, 8.14, 21, 33, 4127, 1.25, 7.6, 11.4, 262370, 7, 7, 5273, 14017, 5.38, 191040, 39, 73, 341),
(214, 2022, 767088, 111, 5.5, 22, 33, 5548, 2.78, 6.5, 11.5, 472749, 11, 7, 7783, 37928, 5.39, 353880, 55, 74, 410),
(215, 2022, 562533, 157, 2.91, 24, 29, 3599, 2.08, 10.1, 19.5, 308505, 14, 10, 3935, 35851, 5.77, 251069, 83, 64, 528),
(216, 2021, 161208, 40, 12.26, 20, 31, 2482, 2.13, 6.6, 16.1, 120566, 9.02, 2.75, 2288, 6254, 6.05, 69342, 95, 52.05, 56),
(217, 2023, 753509, 129, 4.89, 22.65, 30.89, 4648, 6.69, 9.8, 19.4, 435785, 12, 9, 4799, 42581, 5.6, 341562, 29, 63, 555),
(218, 2023, 1434268, 227, 13.81, 23.55, 22.44, 15194, 2.55, 7.2, 13.3, 754396, 15, 7, 14194, 96979, 6.32, 666916, 30, 49, 3081),
(219, 2023, 664189, 83, 4.52, 22.42, 28.7, 3968, 2.89, 6.2, 13.2, 394760, 14, 10, 5226, 44927, 5.35, 313368, 62, 63, 695),
(220, 2022, 1203899, 194, 13.36, 23, 28, 11640, 1.2, 10.9, 18.7, 739737, 12, 7, 11938, 67668, 5.92, 551782, 33, 48, 2027),
(221, 2023, 605211, 88, 1.82, 22.11, 33.92, 3315, 1.41, 6.2, 12.1, 366683, 9, 9, 4494, 23791, 5.1, 275171, 21, 82, 468),
(222, 2023, 535275, 61, 1.78, 22.5, 27.99, 3020, 2.56, 5.6, 11.5, 294776, 15, 9, 3278, 37706, 5.76, 253171, 20, 54, 692),
(223, 2023, 412686, 46, -0.6, 18.79, 37.84, 2009, 3.89, 7.1, 16.1, 262321, 7, 10, 3228, 14405, 5.26, 197638, 23, 84, 228),
(224, 2022, 306224, 59, -0.26, 24, 29, 1270, 3.85, 5.2, 11, 158083, 12, 9, 1996, 15933, 5, 135257, 52, 81, 111),
(225, 2022, 356029, 319, -9.24, 21, 31, 2679, 5, 12.9, 26.7, 214788, 20.49, 16, 2838, 34210, 5.7, 166994, 98, 62, 76417),
(226, 2021, 139866, 229, -2.13, 23, 27, 516, 3.29, 8.6, 14.5, 72929, 22.04, 9.79, 501, 14261, 5.14, 64708, 89, 46.9, 34),
(227, 2021, 542997, 103, 2.89, 24, 25, 2969, 2.9, 7.2, 12.1, 282055, 15.33, 8.52, 3177, 37678, 5.58, 245757, 24, 51.17, 485),
(228, 2021, 650757, 94, 4.57, 20, 35, 5652, 1.78, 8, 12.8, 436869, 9.56, 7.15, 7173, 29536, 5.48, 308933, 17, 77.38, 614),
(229, 2021, 829408, 141, 3.21, 26, 23, 3464, 1.34, 8, 12.9, 376184, 19.83, 7.12, 3223, 67459, 5.53, 340146, 59, 66.82, 747),
(230, 2021, 666274, 83, 5.37, 22, 28, 3760, 2.94, 6.8, 13.2, 389711, 13.9, 10.36, 4953, 43074, 5.35, 309808, 62, 63.16, 495),
(231, 2023, 421672, 46, 8.7, 20.77, 33.29, 4302, 1.82, 6.8, 11.4, 265930, 8, 7, 5878, 14697, 5.4, 193850, 39, 73, 709),
(232, 2023, 1413781, 5771, 6, 25.39, 20.75, 9739, 1.96, 7, 16.6, 654340, 30, 6, 13260, 181408, 6.82, 603696, 93, 21, 2009),
(233, 2023, 192159, 31, 1.73, 20.02, 36.1, 827, 2.09, 0, 15, 112134, 7, 10, 1083, 5890, 5.08, 89745, 31, 81, 150),
(234, 2022, 1267124, 1006, 7.35, 29, 20, 7723, 2.77, 8.8, 17, 517063, 27, 6, 6520, 127457, 6.58, 478885, 94, 44, 1411),
(235, 2021, 520531, 79, 7.39, 24, 28, 3345, 2.26, 8.5, 14.8, 275726, 12.52, 8.63, 3229, 28772, 5.48, 229776, 25, 63.81, 503),
(236, 2021, 687477, 102, 8.3, 22, 32, 5345, 3.16, 6.2, 9.2, 426425, 7.95, 5.12, 6544, 23964, 5.11, 301490, 84, 83.57, 519),
(237, 2021, 682187, 100, 3.98, 25, 26, 3566, 2.83, 7.2, 13.2, 347107, 17.13, 9.15, 3652, 51216, 5.78, 298950, 44, 68.06, 502),
(238, 2023, 2607335, 454, 1.09, 25.9, 23.54, 12630, 1.19, 9.2, 18.4, 1241241, 25, 8, 15017, 278021, 5.71, 1125260, 58, 65, 3227),
(239, 2022, 429083, 73, -0.31, 25, 28, 1818, 3.96, 7, 11.8, 217440, 18, 9, 2643, 32487, 5.19, 185213, 27, 74, 323),
(240, 2022, 767736, 217, 1.95, 23, 27, 3976, 3.15, 7.8, 13.2, 382805, 15, 9, 5416, 50172, 5.67, 335574, 67, 52, 328),
(241, 2022, 174282, 33, -0.27, 18, 39, 872, 2.58, 7.8, 14.9, 119499, 6, 11, 1145, 5262, 5.36, 84516, 45, 84, 25),
(242, 2022, 257906, 52, -1.3, 22, 31, 932, 4.88, 5.3, 11.2, 150475, 12, 10, 1192, 14160, 4.82, 119974, 38, 65, 22),
(243, 2021, 2044355, 401, 3.67, 23, 26, 12880, 2.32, 9.2, 18.7, 1034043, 17.66, 7.55, 12914, 160495, 5.86, 908790, 13, 37.46, 2520),
(244, 2021, 1442940, 211, 12.55, 25, 24, 13413, 2.17, 6.7, 10.3, 752968, 14.42, 5.58, 13632, 91132, 5.81, 631802, 43, 61.08, 2546),
(245, 2021, 153113, 31, 0.71, 20, 34, 616, 4.15, 9.9, 18, 110222, 5, 9.71, 632, 3619, 5.01, 72404, 9, 79.65, 48),
(246, 2022, 350888, 59, -0.52, 20, 33, 1264, 3.21, 7.5, 14.6, 198920, 10, 11, 1629, 16153, 5.2, 165063, 16, 83, 151),
(247, 2021, 731533, 139, -0.09, 23, 26, 2855, 3.15, 7.5, 15.4, 378055, 15.85, 9.3, 3102, 53153, 5.55, 335359, 53, 53.38, 574),
(248, 2021, 115555, 20, -6.07, 17, 39, 305, 9.06, 7, 18.7, 88727, 9.65, 15.47, 192, 5542, 4.57, 57456, 22, 86.48, 0),
(249, 2023, 115050, 21, -6.13, 18.05, 39.51, 231, 7.02, 6.8, 18.3, 88769, 10, 16, 254, 5468, 4.6, 57088, 22, 86, 16),
(250, 2023, 440161, 63, 2.73, 23.06, 28.94, 1858, 3.53, 5.8, 14, 243821, 13, 9, 2552, 25893, 5.39, 206346, 85, 74, 206),
(251, 2023, 174907, 34, 0.09, 18.78, 38.69, 858, 5.02, 7.3, 14.9, 120123, 6, 11, 1069, 5360, 5.38, 85214, 45, 84, 86),
(252, 2023, 279571, 32, 1.36, 20.02, 35.44, 1262, 3.87, 5.6, 14, 183702, 7, 11, 1553, 8622, 4.81, 131850, 12, 74, 132),
(253, 2023, 1203908, 197, 13.36, 22.7, 28.07, 11493, 1.74, 9.9, 18.7, 750002, 13, 7, 10324, 70501, 5.96, 561618, 33, 48, 2373),
(254, 2022, 333042, 45, -2.83, 20, 36, 870, 6.08, 8.3, 15.3, 208863, 12, 15, 1065, 20200, 5.22, 162717, 3, 72, 49),
(255, 2021, 201755, 29, -8.12, 19, 38, 440, 11.45, 6.2, 15.7, 141622, 13.44, 13.77, 304, 13538, 5.14, 100743, 57, 77.96, 37),
(256, 2021, 528471, 71, -2.23, 24, 27, 1431, 4.95, 11, 18.4, 266640, 17.57, 9.76, 1205, 40635, 5.28, 231215, 2, 75.66, 127),
(257, 2021, 563536, 90, 0, 24, 29, 1961, 1.97, 7.7, 13.1, 292627, 15.57, 9.22, 1629, 39234, 5.12, 251958, 71, 75.19, 230),
(258, 2021, 261307, 70, 8.11, 24, 29, 1383, 2.74, 9.2, 17, 132602, 7.76, 9.88, 1436, 8684, 5.46, 111851, 81, 78.51, 246),
(259, 2023, 1462506, 215, 12.82, 24.87, 24.59, 12605, 1.86, 5.5, 10, 776207, 15, 6, 11325, 95142, 5.86, 652200, 43, 61, 2210),
(260, 2023, 311831, 52, 2.58, 24.46, 28.3, 1275, 3.31, 9.4, 16.2, 166928, 23, 9, 1389, 32198, 5.5, 143058, 10, 66, 337),
(261, 2023, 76593, 15, -0.73, 20.8, 33.2, 353, 4.56, 4.6, 14.9, 61734, 8, 10, 422, 3003, 5.22, 35638, 47, 78, 5),
(262, 2023, 257991, 52, -1.26, 22.26, 31.27, 966, 3.74, 5.2, 11.2, 151009, 12, 10, 1420, 14146, 4.85, 120467, 38, 65, 60),
(263, 2023, 138976, 228, -3.05, 23.74, 27.09, 476, 6.45, 8.1, 14.8, 73384, 22, 11, 537, 13969, 5.17, 64329, 89, 47, 42),
(264, 2023, 830560, 142, 3.09, 26.28, 23.66, 3373, 1.35, 7.2, 12.8, 380003, 20, 7, 4669, 68368, 5.66, 343834, 59, 67, 736),
(265, 2022, 483558, 116, 6.86, 21, 34, 3732, 4.1, 12.3, 20.7, 355661, 11, 8, 3899, 25428, 5.51, 226760, 65, 56, 510),
(266, 2021, 913187, 135, 1.73, 22, 30, 4966, 2.7, 6.6, 10.6, 545808, 11.15, 7.54, 5318, 47934, 5.38, 430088, 28, 73.21, 634),
(267, 2023, 1282526, 173, 5.54, 25.19, 24.85, 9173, 2.56, 5.7, 11.3, 665362, 17, 8, 10637, 93330, 6.06, 558572, 37, 49, 1565),
(268, 2022, 766473, 160, 2.33, 24, 29, 3253, 5.63, 7.6, 15, 401112, 17, 10, 4501, 59993, 5.19, 343335, 41, 51, 391),
(269, 2022, 310804, 52, 2.24, 24, 28, 1290, 2.94, 10, 16.2, 166101, 22, 10, 1314, 32002, 5.42, 142246, 10, 66, 184),
(270, 2022, 1425072, 5762, 6.85, 26, 21, 9276, 2.49, 7.7, 16.6, 647289, 30, 6, 8314, 179474, 6.94, 598392, 93, 21, 2157),
(271, 2022, 919983, 136, 2.24, 22, 31, 5178, 2.86, 6.6, 11, 549039, 11, 7, 7858, 48430, 5.44, 433090, 28, 73, 566),
(272, 2022, 751840, 128, 4.66, 23, 31, 4652, 5.15, 10.6, 19.4, 431684, 12, 8, 5818, 42004, 5.55, 338732, 29, 63, 669),
(273, 2021, 174146, 33, -0.25, 18, 38, 889, 4.08, 7.8, 15, 118998, 6.25, 10.79, 792, 5257, 5.28, 84060, 45, 83.52, 107),
(274, 2021, 599271, 87, 1.29, 22, 33, 3317, 2.44, 6.8, 11.7, 369601, 8.33, 8.79, 3021, 23091, 5.05, 277289, 21, 82.23, 448),
(275, 2021, 2601802, 453, 0.97, 26, 23, 12975, 1.13, 9.8, 19.1, 1224589, 24.45, 7.65, 12261, 271808, 5.69, 1111650, 58, 65.98, 2550),
(276, 2023, 328271, 52, -0.91, 22.4, 32.48, 1157, 2.85, 5.9, 12.5, 185591, 14, 11, 1524, 21510, 4.91, 150678, 40, 80, 103),
(277, 2021, 184659, 39, 12.32, 20, 29, 2298, 1.92, 7.3, 20.6, 132077, 10.7, 3.39, 2302, 8632, 5.53, 80642, 96, 50.93, 186),
(278, 2021, 1628798, 9254, 3.58, 24, 20, 10733, 1.92, 6.8, 11.9, 801736, 28.11, 6.48, 12035, 202385, 6.98, 719924, 91, 11.3, 1883),
(279, 2021, 1088178, 253, 0.88, 21, 31, 7226, 1.57, 8.9, 15.8, 772316, 11.17, 8.37, 6794, 57228, 6.61, 512562, 6, 23.71, 1609),
(280, 2021, 657907, 114, 10.14, 25, 24, 5552, 3.44, 6, 10.3, 317983, 16.99, 8.13, 4697, 46649, 5.81, 274538, 1, 63.29, 1178),
(281, 2021, 258766, 51, -1.06, 22, 31, 950, 5.71, 5.4, 11.8, 150169, 11.79, 9.85, 932, 14131, 4.77, 119876, 38, 65.03, 40),
(282, 2021, 306123, 59, -0.07, 24, 29, 1193, 4.29, 5.3, 11.5, 157551, 11.91, 9.13, 1522, 16069, 4.93, 134870, 52, 80.62, 150),
(283, 2023, 823052, 115, 4.14, 25.03, 26.93, 4457, 1.51, 6.3, 11.1, 403157, 18, 7, 5520, 66407, 5.41, 363872, 48, 70, 594),
(284, 2023, 329989, 62, -0.27, 21.29, 34.23, 1284, 1.29, 7.3, 16.8, 188120, 7, 12, 1982, 11450, 5.24, 154157, 46, 80, 235),
(285, 2023, 659379, 96, 5.39, 19.95, 35.92, 5539, 1.91, 6.7, 12.4, 445578, 10, 7, 6940, 30288, 5.54, 315325, 17, 77, 669),
(286, 2022, 439635, 63, 2.61, 23, 29, 1891, 3.8, 6.3, 14, 242907, 13, 10, 2474, 25828, 5.38, 205392, 85, 74, 162),
(287, 2022, 377856, 233, -6.62, 24, 28, 3146, 6, 17.2, 34.5, 231840, 21.45, 15, 2203, 37202, 6.3, 173432, 97, 75, 90174),
(288, 2023, 268216, 51, -5.26, 23.27, 29.43, 623, 3.64, 9.2, 18.3, 143402, 20, 12, 700, 24330, 4.93, 121551, 8, 71, 134),
(289, 2023, 1308892, 726, 6.83, 26.99, 21.12, 8879, 2.13, 6.3, 13.2, 577712, 24, 7, 8105, 129387, 6.5, 529134, 90, 46, 2013),
(290, 2023, 1094127, 183, 8.04, 20.5, 33.72, 8782, 3.13, 7.2, 15.3, 735547, 11, 6, 9093, 55138, 5.81, 508199, 82, 46, 1560),
(291, 2023, 330012, 60, 4.01, 21.69, 33.04, 2061, 3.53, 7.9, 14.3, 207922, 9, 10, 2581, 13924, 5.24, 150578, 7, 75, 223),
(292, 2023, 1254334, 200, 0.24, 24.14, 27.11, 6436, 2.1, 7.5, 14.6, 653680, 26, 8, 6791, 148411, 5.49, 574349, 75, 56, 1204),
(293, 2022, 329848, 62, -0.31, 21, 34, 1239, 2.25, 7.9, 16.8, 187058, 7, 12, 1717, 11297, 5.24, 153387, 46, 80, 133),
(294, 2022, 1899599, 579, 8.91, 25, 22, 13208, 2.07, 7.1, 14.1, 937544, 21, 7, 11737, 179353, 6.19, 838931, 68, 29, 3121),
(295, 2021, 227878, 45, 1.73, 22, 32, 982, 7.05, 6.1, 12.1, 143699, 8.05, 12.4, 779, 8265, 5.23, 102719, 42, 77.59, 28),
(296, 2022, 153197, 31, 0.6, 20, 35, 587, 4.06, 9.8, 17.9, 110526, 5, 10, 873, 3624, 5.06, 72667, 9, 80, 2),
(297, 2022, 492667, 83, -1.37, 21, 33, 2028, 2.88, 5.6, 11.4, 299656, 17, 8, 2596, 37866, 4.75, 229482, 49, 80, 51),
(298, 2021, 361749, 61, -4.73, 21, 32, 1176, 4.25, 8.2, 15.4, 214363, 14.35, 11.27, 1008, 24305, 4.75, 169386, 87, 64.96, 51),
(299, 2021, 1143364, 240, 4.33, 22, 25, 7738, 3.12, 6.9, 13.7, 561561, 13.74, 7.83, 7084, 68678, 5.92, 499905, 66, 46.01, 1381),
(300, 2022, 1636156, 9255, 3.45, 25, 21, 11364, 2.59, 6.6, 11.9, 807711, 28, 6, 11229, 203659, 7.17, 724639, 91, 11, 1683);

--
-- Indexes for dumped tables
--

--
-- Indexes for table `departement`
--
ALTER TABLE `departement`
  ADD PRIMARY KEY (`id`),
  ADD KEY `IDX_C1765B6398260155` (`region_id`);

--
-- Indexes for table `doctrine_migration_versions`
--
ALTER TABLE `doctrine_migration_versions`
  ADD PRIMARY KEY (`version`);

--
-- Indexes for table `messenger_messages`
--
ALTER TABLE `messenger_messages`
  ADD PRIMARY KEY (`id`),
  ADD KEY `IDX_75EA56E0FB7336F0E3BD61CE16BA31DBBF396750` (`queue_name`,`available_at`,`delivered_at`,`id`);

--
-- Indexes for table `region`
--
ALTER TABLE `region`
  ADD PRIMARY KEY (`id`);

--
-- Indexes for table `statistique`
--
ALTER TABLE `statistique`
  ADD PRIMARY KEY (`id`),
  ADD KEY `IDX_73A038ADCCF9E01E` (`departement_id`);

--
-- AUTO_INCREMENT for dumped tables
--

--
-- AUTO_INCREMENT for table `departement`
--
ALTER TABLE `departement`
  MODIFY `id` int(11) NOT NULL AUTO_INCREMENT, AUTO_INCREMENT=101;

--
-- AUTO_INCREMENT for table `messenger_messages`
--
ALTER TABLE `messenger_messages`
  MODIFY `id` bigint(20) NOT NULL AUTO_INCREMENT;

--
-- AUTO_INCREMENT for table `region`
--
ALTER TABLE `region`
  MODIFY `id` int(11) NOT NULL AUTO_INCREMENT, AUTO_INCREMENT=19;

--
-- AUTO_INCREMENT for table `statistique`
--
ALTER TABLE `statistique`
  MODIFY `id` int(11) NOT NULL AUTO_INCREMENT, AUTO_INCREMENT=301;

--
-- Constraints for dumped tables
--

--
-- Constraints for table `departement`
--
ALTER TABLE `departement`
  ADD CONSTRAINT `FK_C1765B6398260155` FOREIGN KEY (`region_id`) REFERENCES `region` (`id`);

--
-- Constraints for table `statistique`
--
ALTER TABLE `statistique`
  ADD CONSTRAINT `FK_73A038ADCCF9E01E` FOREIGN KEY (`departement_id`) REFERENCES `departement` (`id`) ON DELETE CASCADE;
COMMIT;

/*!40101 SET CHARACTER_SET_CLIENT=@OLD_CHARACTER_SET_CLIENT */;
/*!40101 SET CHARACTER_SET_RESULTS=@OLD_CHARACTER_SET_RESULTS */;
/*!40101 SET COLLATION_CONNECTION=@OLD_COLLATION_CONNECTION */;
