année_publication,code_departement,nom_departement,code_region,nom_region,Nombre  d'habitants,Densité de population au km²,Variation de la population sur 10 ans (en %),% population de moins de 20 ans,% population de 60 ans et plus,Taux de chômage au T4 (en %),Taux de pauvreté* (en %),Nombre de logements,Taux de logements sociaux* (en %),Taux de logements vacants* (en %),Moyenne annuelle de la construction neuve sur 10 ans,Construction,Parc social - Nombre de logements,Parc social - Taux de logements vacants* (en %),Parc social - Loyer moyen (en €/m²/mois)*,Nombre de résidences principales,Taux de logements individuels (en %),Parc social - Logements mis en location*
2023,5,Hautes-Alpes,93,PROVENCE-ALPES-CÔTE D'AZUR,140230,25.0,1.17,20.788704271553875,33.46430863581259,6.7,13.9,138751,12.0,6.0,1271,1964.0,8016,2.56,5.3,67476,44.0,74.0
2022,13,Bouches-du-Rhône,93,PROVENCE-ALPES-CÔTE D'AZUR,2056455,402.0,04.08,24.0,27.0,9.1,17.9,1044973,18.0,8.0,12816,11574.0,162109,2.25,5.93,916900,37.0,2007.0
2021,971,Guadeloupe,1,GUADELOUPE,379707,233.0,-5.862825551,24.0,27.0,19.4,,229421,21.53016027,15.24314298,3437,2956.0,37208,5.647618771,6.146949118,172818,74.66546504,140.0
2023,61,Orne,28,NORMANDIE,276600,45.0,-4.91,21.685827910339842,34.180766449746926,6.4,15.0,164988,16.0,11.0,483,641.0,21228,6.84,4.94,129291,80.0,107.0
2023,28,Eure-et-Loir,24,CENTRE-VAL DE LOIRE,430512,73.0,0.02,25.026015534990893,27.4082952391571,6.6000000000000005,11.8,218433,18.0,9.0,2060,3752.0,32832,3.6900000000000004,5.19,186252,74.0,517.0
2023,36,Indre,24,CENTRE-VAL DE LOIRE,217378,32.0,-5.56,19.74670849856011,36.441130197168064,7.000000000000001,14.6,138959,16.0,13.0,442,540.0,17397,3.7600000000000002,5.31,105611,83.0,105.0
2022,31,Haute-Garonne,76,OCCITANIE,1434439,223.0,13.82,24.0,22.0,8.0,13.3,740546,14.0,7.0,14941,13084.0,94394,1.74,6.34,654629,49.0,3243.0
2022,11,Aude,76,OCCITANIE,378068,61.0,05.03,21.0,34.0,10.5,20.0,265167,10.0,8.0,2143,2674.0,18191,2.74,5.47,175600,71.0,331.0
2022,22,Côtes-d'Armor,53,BRETAGNE,600924,87.0,1.1,22.0,34.0,6.8,12.1,371643,8.0,9.0,3239,4299.0,23322,1.87,5.11,278422,82.0,300.0
2021,69,Rhône,84,AUVERGNE-RHÔNE-ALPES,1882578,579.0,9.123759475,25.0,22.0,7.3,14.2,926575,21.17773255,7.337240478,13653,11750.0,175627,1.71848516,6.116837669,829300,28.59193042,2955.0
2021,50,Manche,28,NORMANDIE,492896,83.0,-1.173139889,21.0,32.0,5.8,12.0,298631,16.51812764,8.369987185,2214,2077.0,37820,3.195706028,4.728527831,228960,79.88599905,62.0
2023,15,Cantal,84,AUVERGNE-RHÔNE-ALPES,144123,25.0,-2.34,18.98309083213644,36.56113181102253,4.1000000000000005,13.2,102234,9.0,12.0,508,534.0,6156,3.0700000000000003,5.2,69236,76.0,34.0
2023,77,Seine-et-Marne,11,ÎLE-DE-FRANCE,1436079,243.0,7.3,27.173226542550932,20.97530846144258,6.6000000000000005,11.7,634163,19.0,7.000000000000001,10738,11227.0,110951,2.4299999999999997,6.39,571820,56.99999999999999,2247.0
2023,2,Aisne,32,HAUTS-DE-FRANCE,526983,72.0,-2.65,24.507242169102227,28.10735830188071,10.299999999999999,18.0,267555,18.0,10.0,1277,1490.0,40989,3.64,5.37,231594,76.0,254.0
2022,4,Alpes-de-Haute-Provence,93,PROVENCE-ALPES-CÔTE D'AZUR,165171,24.0,2.62,21.0,35.0,9.1,16.6,129690,10.0,8.0,859,1170.0,7540,3.38,5.87,78495,61.0,16.0
2022,45,Loiret,24,CENTRE-VAL DE LOIRE,684609,101.0,3.79,25.0,27.0,7.2,13.2,348977,17.0,9.0,3453,4493.0,51374,3.41,5.78,300347,68.0,324.0
2021,37,Indre-et-Loire,24,CENTRE-VAL DE LOIRE,608781,99.0,3.093232179,23.0,28.0,6.9,13.0,325171,17.98995741,8.644028521,3623,3325.0,50703,2.838913482,5.333570768,281840,62.94730723,786.0
2023,6,Alpes-Maritimes,93,PROVENCE-ALPES-CÔTE D'AZUR,1102251,256.0,1.94,21.03958172866253,31.31392033212036,7.199999999999999,16.2,783398,12.0,8.0,6846,6624.0,60251,1.81,6.7,519776,24.0,1611.0
2022,57,Moselle,44,GRAND EST,1045213,167.0,0.01,22.0,28.0,7.8,15.3,523268,17.0,9.0,5326,6960.0,78499,4.17,5.53,463372,55.0,664.0
2023,26,Drôme,84,AUVERGNE-RHÔNE-ALPES,519421,80.0,6.4399999999999995,23.75471919695199,29.163241378380928,7.7,14.4,279948,13.0,9.0,3157,3352.0,29646,1.8499999999999999,5.53,233506,64.0,787.0
2023,42,Loire,84,AUVERGNE-RHÔNE-ALPES,769112,161.0,2.68,24.172682262141272,28.962101748509973,7.1,15.0,403254,17.0,10.0,3319,4729.0,60359,5.970000000000001,5.17,345635,51.0,1049.0
2023,66,Pyrénées-Orientales,76,OCCITANIE,485651,118.0,7.32,21.535423586073126,33.49154022127001,11.700000000000001,20.7,359151,11.0,8.0,3599,3546.0,25888,3.75,5.52,229563,56.00000000000001,724.0
2022,2B,Haute-Corse,94,CORSE,185528,40.0,10.01,20.0,30.0,7.3,20.1,133540,11.0,3.0,2108,2417.0,9014,1.99,5.64,81397,51.0,239.0
2022,1,Ain,84,AUVERGNE-RHÔNE-ALPES,660875,114.0,9.45,26.0,24.0,5.9,10.5,321432,17.0,8.0,5363,5772.0,47407,3.85,5.9,277345,63.0,910.0
2022,12,Aveyron,76,OCCITANIE,279997,32.0,1.52,20.0,35.0,5.9,14.0,182769,7.0,11.0,1265,1376.0,8622,3.99,4.76,131225,74.0,9.0
2022,37,Indre-et-Loire,24,CENTRE-VAL DE LOIRE,612237,99.0,3.13,23.0,29.0,6.8,12.4,328095,18.0,9.0,3641,4500.0,51925,2.31,5.37,283871,63.0,308.0
2022,73,Savoie,84,AUVERGNE-RHÔNE-ALPES,439852,72.0,4.99,23.0,28.0,6.5,10.3,352254,18.0,6.0,4490,5767.0,35004,2.66,5.97,199957,38.0,435.0
2021,974,La Réunion,4,LA RÉUNION,856858,342.0,4.350314686,29.0,18.0,17.4,38.9,376047,23.22986834,8.706585291,7394,6563.0,77216,1.435520228,6.072919022,332399,66.05278327,1638.0
2023,35,Ille-et-Vilaine,53,BRETAGNE,1099074,162.0,10.299999999999999,24.907149109159164,24.15897382705805,5.4,10.7,546440,16.0,7.000000000000001,9866,10930.0,75378,1.9300000000000002,5.6,471034,59.0,1130.0
2023,37,Indre-et-Loire,24,CENTRE-VAL DE LOIRE,614119,100.0,3.44,23.030227040687553,28.501479354978432,6.3,12.4,330454,18.0,9.0,3634,4369.0,52275,2.6100000000000003,5.39,286623,62.0,483.0
2023,87,Haute-Vienne,75,NOUVELLE-AQUITAINE,371487,67.0,-1.22,21.00558027602581,32.24608128952022,6.3,15.3,221779,14.000000000000002,10.0,1436,2024.0,26483,3.1,5.18,183146,66.0,301.0
2023,55,Meuse,44,GRAND EST,181165,29.0,-6.4,22.146109899815087,31.188143405183123,7.3,14.2,100007,12.0,12.0,303,493.0,9758,5.86,5.12,83065,76.0,1.0
2022,83,Var,93,PROVENCE-ALPES-CÔTE D'AZUR,1090123,181.0,7.64,21.0,34.0,8.2,15.3,729223,11.0,6.0,8647,8011.0,53552,3.34,5.83,501337,47.0,1247.0
2022,78,Yvelines,11,ÎLE-DE-FRANCE,1457875,635.0,3.13,27.0,23.0,6.7,9.7,649383,22.0,6.0,8668,8455.0,129509,2.6,6.72,590685,42.0,2300.0
2022,81,Tarn,76,OCCITANIE,392053,68.0,3.81,22.0,33.0,8.0,15.3,214423,9.0,9.0,1893,2631.0,15454,4.58,4.99,178826,79.0,151.0
2022,93,Seine-Saint-Denis,11,ÎLE-DE-FRANCE,1668164,7025.0,09.04,29.0,17.0,10.9,27.6,687238,37.0,6.0,13400,11531.0,235058,2.32,6.78,638197,24.0,3328.0
2022,973,Guyane,3,GUYANE,290528,3.0,22.3,41.0,10.0,14.5,,94768,23.612651593637636,11.0,1849,1998.0,19373,6.0,6.4,82045,60.0,119053.0
2022,44,Loire-Atlantique,52,PAYS DE LA LOIRE,1461267,212.0,12.72,25.0,24.0,6.5,10.0,764010,14.0,6.0,12816,12601.0,92148,1.64,5.88,641172,61.0,1494.0
2021,16,Charente,75,NOUVELLE-AQUITAINE,349878,58.0,-0.48325118,20.0,33.0,7.5,15.0,198241,9.763499372,10.59128783,1382,1179.0,16066,3.719087482,5.165217341,164551,82.76835462,170.0
2023,68,Haut-Rhin,44,GRAND EST,767636,218.0,1.94,22.95775601978021,27.238039904329657,6.800000000000001,13.2,386082,15.0,9.0,4163,6265.0,50403,2.85,5.65,338153,52.0,572.0
2023,69,Rhône,84,AUVERGNE-RHÔNE-ALPES,1895426,583.0,8.67,25.152076630794344,22.352442142294134,6.2,14.1,949531,21.0,7.000000000000001,12922,11559.0,180063,2.17,6.23,847309,28.000000000000004,2854.0
2023,14,Calvados,28,NORMANDIE,698670,126.0,1.96,23.28882018692659,29.00582535388667,6.3,11.9,426069,19.0,7.000000000000001,5056,6162.0,60144,2.59,5.68,320938,60.0,584.0
2022,48,Lozère,76,OCCITANIE,76604,15.0,-0.72,20.0,34.0,4.9,14.9,61547,8.0,10.0,366,418.0,2891,6.54,5.2,35342,78.0,8.0
2022,36,Indre,24,CENTRE-VAL DE LOIRE,216392,32.0,-5.99,20.0,36.0,7.4,14.6,138826,17.0,13.0,462,628.0,17539,04.04,5.3,105404,83.0,60.0
2022,63,Puy-de-Dôme,84,AUVERGNE-RHÔNE-ALPES,669014,84.0,5.28,22.0,29.0,6.8,13.2,392038,14.0,10.0,3821,4981.0,43602,03.03,5.47,311902,63.0,592.0
2022,8,Ardennes,44,GRAND EST,267127,51.0,-5.65,23.0,30.0,9.5,18.3,142983,20.0,12.0,653,736.0,24336,4.37,05.05,121244,71.0,119.0
2022,17,Charente-Maritime,75,NOUVELLE-AQUITAINE,656951,95.0,5.0,20.0,36.0,7.9,12.4,440935,10.0,7.0,5524,6238.0,29722,1.58,5.56,311814,77.0,457.0
2021,10,Aube,44,GRAND EST,310161,51.0,2.253014074,24.0,28.0,10.0,16.2,165501,22.67918048,9.519184747,1448,1431.0,32186,3.699245185,5.370930176,141918,65.68774286,717.0
2021,24,Dordogne,75,NOUVELLE-AQUITAINE,411528,45.0,-0.632864018,18.0,37.0,7.9,16.3,260245,7.277342005,10.3102484,1942,1992.0,14256,7.323124911,5.21488343,195895,84.29379884,119.0
2021,89,Yonne,27,BOURGOGNE-FRANCHE-COMTÉ,334626,45.0,-2.301830603,22.0,32.0,6.9,14.5,197683,13.58227599,11.79174592,933,797.0,20815,4.524659394,5.217010573,153251,77.87617402,138.0
2021,31,Haute-Garonne,76,OCCITANIE,1409629,223.0,13.34693855,24.0,22.0,8.2,13.3,728248,14.24492415,7.262737739,15649,15011.0,91643,1.835820195,6.233613416,643337,49.36027707,3265.0
2021,5,Hautes-Alpes,93,PROVENCE-ALPES-CÔTE D'AZUR,140349,25.0,2.466215476,21.0,32.0,7.5,13.9,136581,12.00091136,5.83629262,1155,1177.0,7972,2.717391304,5.28997498,66428,43.19311131,96.0
2022,21,Côte-d'Or,27,BOURGOGNE-FRANCHE-COMTÉ,534164,61.0,1.57,22.0,28.0,5.8,11.5,292479,15.0,9.0,3064,3323.0,37029,2.58,5.77,251175,54.0,477.0
2022,74,Haute-Savoie,84,AUVERGNE-RHÔNE-ALPES,841639,190.0,12.67,25.0,23.0,6.5,9.4,525404,14.0,6.0,10755,10038.0,50419,1.6,6.33,366281,40.0,1303.0
2021,87,Haute-Vienne,75,NOUVELLE-AQUITAINE,371228,67.0,-1.319276644,21.0,32.0,7.2,15.5,220762,14.37094725,9.679450134,1382,1350.0,26183,4.511217949,5.077964836,182193,66.24154612,313.0
2021,48,Lozère,76,OCCITANIE,76573,14.0,-0.660335746,20.0,33.0,4.7,14.5,61340,8.220829836,10.43772571,396,361.0,2893,7.396768402,5.157231782,35191,78.14563856,25.0
2022,51,Marne,44,GRAND EST,563998,69.0,-0.45,24.0,26.0,7.4,14.2,297288,28.0,9.0,2859,2834.0,73671,3.73,5.42,261398,55.0,482.0
2022,91,Essonne,11,ÎLE-DE-FRANCE,1310435,726.0,6.96,27.0,21.0,6.9,13.2,570417,24.0,7.0,8965,8236.0,127420,2.83,6.59,523349,46.0,2635.0
2021,79,Deux-Sèvres,75,NOUVELLE-AQUITAINE,374608,62.0,1.445554743,22.0,30.0,5.6,12.3,195050,9.326515479,9.127364362,1381,1069.0,15665,3.269666559,5.11497107,167961,85.79356316,216.0
2021,93,Seine-Saint-Denis,11,ÎLE-DE-FRANCE,1657893,7024.0,8.925145593,29.0,16.0,11.1,28.4,679663,36.55172264,5.906682372,13189,16549.0,231016,1.837377241,6.603567025,632024,23.55032314,3776.0
2023,71,Saône-et-Loire,27,BOURGOGNE-FRANCHE-COMTÉ,549467,64.0,-1.17,21.480634869792,33.69101329106206,6.4,12.8,312880,17.0,10.0,1791,2246.0,42767,6.7,5.38,257547,70.0,243.0
2022,59,Nord,32,HAUTS-DE-FRANCE,2607879,453.0,1.11,26.0,24.0,9.8,18.4,1232504,25.0,8.0,12405,12512.0,275273,1.19,5.7,1116712,66.0,2965.0
2022,75,Paris,11,ÎLE-DE-FRANCE,2147716,20515.0,-4.54,19.0,23.0,6.4,15.4,1389375,21.0,9.0,3963,2503.0,236748,2.15,8.2,1137759,1.0,2142.0
2022,82,Tarn-et-Garonne,76,OCCITANIE,262863,70.0,7.49,24.0,29.0,9.1,16.3,133522,8.0,10.0,1322,1865.0,8822,2.61,5.51,112575,79.0,140.0
2021,4,Alpes-de-Haute-Provence,93,PROVENCE-ALPES-CÔTE D'AZUR,165232,23.0,3.173919288,20.0,34.0,9.0,16.8,129062,9.66068865,8.349224392,956,817.0,7544,3.797125034,5.84341844,78089,60.89156796,243.0
2021,972,Martinique,2,MARTINIQUE,359821,318.0,-8.714955109,21.0,30.0,14.9,29.8,213707,20.31135561,15.43069426,2869,2637.0,33971,3.922047028,5.591964928,167251,62.22532312,652.0
2021,21,Côte-d'Or,27,BOURGOGNE-FRANCHE-COMTÉ,532576,60.0,1.567249856,22.0,27.0,6.0,11.2,290523,14.80710445,8.439102437,3087,3278.0,36983,2.292604969,5.702715142,249765,54.34514788,628.0
2021,76,Seine-Maritime,28,NORMANDIE,1252833,199.0,0.193696313,24.0,26.0,8.8,14.9,645785,25.9709166,8.086226853,6958,6339.0,147572,2.357546632,5.467538312,568220,55.90613335,885.0
2021,19,Corrèze,75,NOUVELLE-AQUITAINE,239470,40.0,-1.675624407,20.0,35.0,6.4,13.1,154656,8.608516929,11.05178702,938,857.0,9829,3.650864974,4.858357202,114177,78.15488602,69.0
2021,32,Gers,76,OCCITANIE,191322,30.0,1.68102509,19.0,35.0,6.1,14.9,111171,6.491954277,10.57290433,921,764.0,5763,4.406233208,4.879689625,88771,81.44065453,94.0
2021,81,Tarn,76,OCCITANIE,389012,67.0,3.631796131,21.0,32.0,8.0,15.6,212905,8.665243405,9.169885418,1859,1719.0,15385,4.590471092,4.955540391,177548,78.79756354,70.0
2021,35,Ille-et-Vilaine,53,BRETAGNE,1085753,160.0,9.878458518,25.0,23.0,6.3,10.5,554254,15.39698827,6.693305587,9266,10701.0,73607,2.417121156,5.484898667,478061,59.67329421,1479.0
2023,57,Moselle,44,GRAND EST,1049612,169.0,0.43,22.222116362998896,27.496732125776003,7.000000000000001,15.3,527832,17.0,9.0,5512,7731.0,79382,4.2299999999999995,5.49,467655,55.00000000000001,776.0
2023,75,Paris,11,ÎLE-DE-FRANCE,2131104,20296.0,-5.28,18.725646425514665,22.82314706368155,5.6000000000000005,15.4,1393800,21.0,9.0,3712,2474.0,239341,1.5699999999999998,8.0,1131610,1.0,1996.0
2023,50,Manche,28,NORMANDIE,494474,83.0,-1.01,21.642593948316797,32.805971598102225,5.1,11.4,301071,16.0,8.0,2094,2876.0,38015,2.64,4.77,231224,80.0,131.0
2022,15,Cantal,84,AUVERGNE-RHÔNE-ALPES,143790,25.0,-2.57,19.0,37.0,4.3,13.2,101953,9.0,12.0,525,572.0,6231,3.88,5.21,68977,76.0,84.0
2022,77,Seine-et-Marne,11,ÎLE-DE-FRANCE,1436063,241.0,7.29,27.0,21.0,7.3,11.7,626435,19.0,7.0,10456,12044.0,108619,2.63,6.44,564817,57.0,1636.0
2022,2,Aisne,32,HAUTS-DE-FRANCE,526857,72.0,-2.67,25.0,28.0,11.1,18.0,266922,18.0,10.0,1312,1379.0,40922,4.16,5.33,230907,76.0,246.0
2021,70,Haute-Saône,27,BOURGOGNE-FRANCHE-COMTÉ,234567,43.0,-2.079332743,22.0,30.0,6.8,13.2,128333,10.57335365,10.78263432,789,712.0,11269,5.873847822,4.861439282,106579,76.40251235,113.0
2023,84,Vaucluse,93,PROVENCE-ALPES-CÔTE D'AZUR,562700,158.0,2.94,23.432379598365024,29.403945263906166,9.5,19.5,311098,14.000000000000002,10.0,3709,4360.0,36248,1.66,5.84,253217,64.0,316.0
2023,45,Loiret,24,CENTRE-VAL DE LOIRE,683940,101.0,3.6900000000000004,25.019153726935112,26.843290347106468,6.9,13.2,351028,17.0,9.0,3547,4505.0,51368,2.93,5.8,302477,68.0,471.0
2023,2A,Corse-du-Sud,94,CORSE,161872,40.0,10.99,20.20608876149056,31.212933675990907,5.800000000000001,16.3,123650,9.0,3.0,2128,1589.0,6613,4.760000000000001,06.08,71095,52.0,258.0
2023,79,Deux-Sèvres,75,NOUVELLE-AQUITAINE,374428,62.0,0.9400000000000001,22.811595286677278,30.874026515111048,5.1,11.9,196421,9.0,9.0,1242,1912.0,15473,2.59,5.14,169208,86.0,93.0
2022,90,Territoire de Belfort,27,BOURGOGNE-FRANCHE-COMTÉ,138931,230.0,-3.08,24.0,27.0,9.0,14.8,73180,22.0,10.0,496,597.0,14223,5.41,5.15,64621,47.0,21.0
2022,52,Haute-Marne,44,GRAND EST,168391,27.0,-7.67,21.0,33.0,6.5,15.0,100382,20.0,12.0,338,408.0,15865,10.01,05.04,80817,74.0,35.0
2021,49,Maine-et-Loire,52,PAYS DE LA LOIRE,818345,114.0,4.273008754,25.0,26.0,7.2,11.4,397886,18.53851655,6.810587697,4236,4365.0,66463,1.987353207,5.354753101,358513,69.67785964,629.0
2021,11,Aude,76,OCCITANIE,376059,61.0,5.496160935,21.0,33.0,10.4,20.7,263889,10.25966087,8.540245321,2256,1754.0,17882,2.581343666,5.362856013,174294,70.74074445,288.0
2021,71,Saône-et-Loire,27,BOURGOGNE-FRANCHE-COMTÉ,549364,64.0,-1.133600762,21.0,33.0,6.7,13.1,311498,16.6549607,10.30037571,1908,1695.0,42663,8.779186451,5.228800717,256157,69.57069029,122.0
2023,4,Alpes-de-Haute-Provence,93,PROVENCE-ALPES-CÔTE D'AZUR,165830,24.0,3.0300000000000002,20.73689923415546,34.420792377736234,8.1,16.6,130500,10.0,8.0,879,1351.0,7587,03.04,5.9,79450,61.0,80.0
2023,73,Savoie,84,AUVERGNE-RHÔNE-ALPES,441899,73.0,5.48,23.090796765776794,27.50153315576636,5.2,10.3,355575,17.0,6.0,4628,5677.0,35369,03.02,6.0,202682,38.0,541.0
2022,32,Gers,76,OCCITANIE,191910,31.0,1.6,20.0,36.0,6.1,15.0,111536,7.0,11.0,819,905.0,5889,3.55,05.08,89063,81.0,137.0
2022,62,Pas-de-Calais,32,HAUTS-DE-FRANCE,1460003,219.0,-0.19,25.0,26.0,9.0,17.8,720800,26.0,8.0,6173,8995.0,161622,1.53,5.63,619227,77.0,1025.0
2022,19,Corrèze,75,NOUVELLE-AQUITAINE,239019,41.0,-1.42,20.0,36.0,6.4,13.1,155041,9.0,11.0,813,968.0,9754,3.38,4.82,114337,78.0,56.0
2022,72,Sarthe,52,PAYS DE LA LOIRE,565314,91.0,-0.07,24.0,29.0,7.7,12.9,293561,16.0,9.0,1777,1934.0,39300,1.96,5.18,252699,75.0,209.0
2021,78,Yvelines,11,ÎLE-DE-FRANCE,1449520,634.0,2.892959436,26.0,22.0,6.7,9.7,643946,21.66630916,6.342942213,8636,9190.0,127062,2.576414398,6.459588739,586449,41.91895629,2681.0
2021,65,Hautes-Pyrénées,76,OCCITANIE,229205,51.0,-0.11025983,19.0,34.0,8.8,15.4,162729,11.55422928,9.536909621,1126,927.0,12629,4.300899428,5.378081359,109301,60.06639726,75.0
2021,36,Indre,24,CENTRE-VAL DE LOIRE,218129,32.0,-5.643751947,19.0,36.0,7.5,14.5,138879,16.58857541,13.3314328,521,444.0,17530,3.611449452,5.251481022,105675,82.90344601,87.0
2023,19,Corrèze,75,NOUVELLE-AQUITAINE,238576,41.0,-1.6,19.69602977667494,35.66662195694454,5.8999999999999995,13.1,155575,9.0,11.0,859,1516.0,9748,2.39,5.18,114511,78.0,52.0
2023,16,Charente,75,NOUVELLE-AQUITAINE,351576,59.0,-0.32,20.768198056750176,33.35295924636494,6.7,14.6,199746,10.0,11.0,1315,2028.0,16291,2.74,5.22,165957,83.0,208.0
2023,67,Bas-Rhin,44,GRAND EST,1154712,243.0,05.04,22.64530029998822,25.610888256119274,6.1,13.2,575001,14.000000000000002,8.0,7807,8185.0,71057,2.94,5.96,510782,45.0,1034.0
2023,973,Guyane,3,GUYANE,290714,3.0,22.38,41.38465983750352,9.864677999683538,10.9,,88986,26.0,10.0,1666,1266.0,20310,4.5,6.47,77930,62.0,1125.0
2022,80,Somme,32,HAUTS-DE-FRANCE,567745,92.0,-0.61,24.0,27.0,9.1,15.7,303449,17.0,8.0,2595,2456.0,42266,2.57,5.65,252610,73.0,476.0
2022,88,Vosges,44,GRAND EST,360241,62.0,-4.91,21.0,33.0,8.2,14.9,214287,14.0,11.0,1080,1452.0,24294,4.3,4.79,169179,65.0,53.0
2022,5,Hautes-Alpes,93,PROVENCE-ALPES-CÔTE D'AZUR,141039,25.0,1.76,21.0,33.0,7.8,13.9,137644,12.0,6.0,1170,1782.0,7968,2.62,5.32,67005,43.0,0.0
2022,49,Maine-et-Loire,52,PAYS DE LA LOIRE,822488,114.0,04.07,25.0,27.0,7.0,11.1,400508,18.0,7.0,4315,6547.0,66385,1.91,5.41,360982,70.0,543.0
2021,42,Loire,84,AUVERGNE-RHÔNE-ALPES,765546,160.0,2.216311702,24.0,28.0,7.8,15.0,399133,17.56860806,10.35411307,3296,3285.0,60011,6.27832508,5.11564057,341580,50.95714113,429.0
2021,28,Eure-et-Loir,24,CENTRE-VAL DE LOIRE,429641,73.0,0.165060744,24.0,27.0,7.2,12.0,216684,17.46108927,8.628327167,1823,2006.0,32310,4.02162023,5.130830251,185040,73.80952155,337.0
2021,33,Gironde,75,NOUVELLE-AQUITAINE,1636085,152.0,12.89223009,23.0,25.0,7.5,12.6,872327,14.40537145,6.222187736,16642,16419.0,106677,1.271228821,6.033523588,740536,61.57252142,3298.0
2023,64,Pyrénées-Atlantiques,75,NOUVELLE-AQUITAINE,690920,90.0,5.2299999999999995,20.92601169455219,31.631447924506457,5.6000000000000005,12.2,417293,12.0,8.0,5175,4712.0,38062,1.59,5.79,328032,51.0,760.0
2021,973,Guyane,3,GUYANE,288086,3.0,25.77977646,41.0,9.0,17.8,,91566,23.63217039,9.985090285,2021,2600.0,18920,6.510416667,6.283003693,80060,60.56991175,941.0
2023,81,Tarn,76,OCCITANIE,392328,68.0,3.88,21.654839827899107,33.023898370751006,7.7,15.3,215987,9.0,9.0,1962,2875.0,15520,3.9,4.95,180334,79.0,88.0
2021,55,Meuse,44,GRAND EST,181387,29.0,-6.464421446,22.0,30.0,7.3,14.5,99893,12.17829156,12.09737229,363,223.0,10134,8.436018957,5.048790436,83213,76.27111467,42.0
2021,40,Landes,75,NOUVELLE-AQUITAINE,414728,44.0,7.912156536,20.0,32.0,7.6,11.8,259512,7.212653547,6.641283517,3938,5440.0,13617,1.555233666,5.321316698,188793,72.8918384,504.0
2023,29,Finistère,53,BRETAGNE,920279,137.0,2.27,21.91694040611597,31.186520609510808,6.1,11.0,542677,12.0,7.000000000000001,5350,7030.0,49278,2.62,5.44,425945,73.0,629.0
2023,89,Yonne,27,BOURGOGNE-FRANCHE-COMTÉ,332620,45.0,-2.87,22.454452528410798,32.142985990018644,6.7,14.3,197870,14.000000000000002,12.0,748,781.0,20806,3.54,5.24,153168,78.0,32.0
2023,78,Yvelines,11,ÎLE-DE-FRANCE,1452852,636.0,2.77,26.600713630844712,22.513511355595753,6.3,9.7,654741,22.0,6.0,8785,10457.0,131550,2.37,6.63,595559,41.0,2451.0
2023,62,Pas-de-Calais,32,HAUTS-DE-FRANCE,1459338,219.0,-0.24,25.206703313420192,26.187010822715507,8.1,17.8,724156,26.0,7.000000000000001,6259,7776.0,161931,2.39,5.66,623163,77.0,1302.0
2023,3,Allier,84,AUVERGNE-RHÔNE-ALPES,334381,46.0,-2.44,20.204497265095803,35.69311653473134,7.3999999999999995,15.3,209251,12.0,15.0,848,1239.0,19986,5.7299999999999995,5.23,162975,72.0,4.0
2022,35,Ille-et-Vilaine,53,BRETAGNE,1098420,160.0,10.23,25.0,24.0,5.8,10.7,561343,15.0,7.0,9589,13538.0,73717,2.36,5.55,484150,60.0,1215.0
2022,33,Gironde,75,NOUVELLE-AQUITAINE,1661929,153.0,13.55,23.0,26.0,7.2,12.4,886986,14.0,6.0,16041,14536.0,108888,1.0,6.11,753105,61.0,2707.0
2022,79,Deux-Sèvres,75,NOUVELLE-AQUITAINE,374763,62.0,01.03,23.0,31.0,5.6,11.9,195568,9.0,9.0,1212,1494.0,15556,2.65,5.12,168390,86.0,90.0
2022,87,Haute-Vienne,75,NOUVELLE-AQUITAINE,370651,67.0,-1.44,21.0,32.0,7.0,15.3,221194,14.0,10.0,1363,1550.0,26244,04.09,5.16,182385,66.0,156.0
2021,52,Haute-Marne,44,GRAND EST,170339,27.0,-7.444074354,20.0,32.0,6.7,14.9,100617,19.61250311,11.70041428,339,251.0,15936,9.471837848,4.956217407,81254,74.55567362,49.0
2021,64,Pyrénées-Atlantiques,75,NOUVELLE-AQUITAINE,685441,89.0,4.885274248,21.0,31.0,6.6,12.3,409790,11.47280357,8.137531874,5484,5438.0,36819,2.232563451,5.71845519,320924,51.15870577,920.0
2021,18,Cher,24,CENTRE-VAL DE LOIRE,299153,41.0,-3.888747884,20.0,33.0,7.7,14.3,179125,14.696875,12.92724698,1038,1079.0,20947,5.406254911,5.162102193,142526,79.29341324,16.0
2021,75,Paris,11,ÎLE-DE-FRANCE,2154092,20515.0,-3.99945094,18.0,22.0,6.8,15.2,1386846,20.42468269,8.484438598,4180,3290.0,232999,1.587338082,7.99201312,1140771,0.812070112,1585.0
2023,1,Ain,84,AUVERGNE-RHÔNE-ALPES,662032,115.0,9.64,25.719451627715884,24.349729318220266,5.4,10.5,325431,17.0,8.0,5308,5933.0,48211,3.2300000000000004,5.98,280734,63.0,1174.0
2023,82,Tarn-et-Garonne,76,OCCITANIE,263504,71.0,7.75,24.050488797134008,29.231055316048334,8.6,16.3,134694,8.0,10.0,1389,1987.0,9144,2.79,5.51,113831,78.0,347.0
2022,26,Drôme,84,AUVERGNE-RHÔNE-ALPES,521894,80.0,6.95,24.0,29.0,8.5,14.4,277777,13.0,9.0,3210,3900.0,29173,02.04,5.53,231521,64.0,441.0
2022,41,Loir-et-Cher,24,CENTRE-VAL DE LOIRE,326778,52.0,-1.36,22.0,33.0,6.3,12.5,185077,14.0,11.0,1156,1594.0,21496,5.66,4.96,150114,80.0,87.0
2022,85,Vendée,52,PAYS DE LA LOIRE,694684,102.0,8.26,23.0,32.0,5.9,8.9,430815,8.0,5.0,5601,8714.0,24256,3.26,5.22,304996,84.0,332.0
2022,18,Cher,24,CENTRE-VAL DE LOIRE,298669,41.0,-4.18,21.0,34.0,7.8,14.0,179430,15.0,13.0,893,1546.0,20905,4.67,5.22,142513,79.0,15.0
2021,34,Hérault,76,OCCITANIE,1184031,194.0,13.35234616,22.0,27.0,11.0,19.7,729652,12.05375824,7.315635832,11905,12231.0,65454,1.313591619,5.85149325,543017,48.14744159,2013.0
2023,53,Mayenne,52,PAYS DE LA LOIRE,306043,59.0,-0.32,24.60961368173753,29.055720928104872,4.9,11.0,158874,12.0,9.0,1308,1665.0,15926,2.8899999999999997,05.05,135766,80.0,135.0
2022,25,Doubs,27,BOURGOGNE-FRANCHE-COMTÉ,546224,104.0,3.24,24.0,26.0,7.3,12.2,283778,15.0,9.0,2871,3015.0,37336,3.19,5.62,247404,51.0,133.0
2022,76,Seine-Maritime,28,NORMANDIE,1254203,200.0,0.23,24.0,27.0,8.6,14.6,649681,26.0,8.0,6426,6126.0,148713,2.55,5.52,570684,56.0,1190.0
2021,73,Savoie,84,AUVERGNE-RHÔNE-ALPES,436834,72.0,5.271605147,22.0,27.0,6.6,10.0,349226,17.54783813,6.032661523,4335,5228.0,34769,3.130992424,5.898270763,198138,37.75348266,454.0
2021,3,Allier,84,AUVERGNE-RHÔNE-ALPES,333847,45.0,-2.642399711,20.0,35.0,8.4,15.5,208375,12.53946948,14.62894722,943,860.0,20421,7.371794872,5.161882954,162853,71.84499548,232.0
2021,86,Vienne,75,NOUVELLE-AQUITAINE,438390,62.0,2.621063547,23.0,28.0,6.3,14.3,241950,12.51905783,9.617560485,1955,1747.0,25600,4.149895347,5.314421603,204488,73.96672782,111.0
2021,41,Loir-et-Cher,24,CENTRE-VAL DE LOIRE,327835,51.0,-0.679837251,22.0,32.0,6.2,12.6,184614,14.33389834,10.84752869,1207,1051.0,21506,7.328192444,4.921047319,150035,80.29545074,90.0
2021,94,Val-de-Marne,11,ÎLE-DE-FRANCE,1411786,5762.0,6.33064504,25.0,20.0,7.8,16.6,640016,30.04502192,5.659671361,9402,11024.0,177902,2.269933869,6.781894928,592118,21.49987342,1801.0
2021,27,Eure,28,NORMANDIE,596993,98.0,1.781625559,25.0,26.0,8.0,12.5,297286,16.71507012,8.278638988,2694,2087.0,42454,2.619303016,5.595725451,253986,77.28026766,243.0
2021,95,Val-d'Oise,11,ÎLE-DE-FRANCE,1253568,1006.0,7.036351108,28.0,19.0,8.9,17.2,510302,26.56975654,5.916239135,7875,7655.0,125774,2.092250767,6.383801902,473372,44.20622939,1836.0
2023,58,Nièvre,27,BOURGOGNE-FRANCHE-COMTÉ,201017,29.0,-7.93,19.206335782545754,38.36192958804479,6.7,15.5,141219,13.0,14.000000000000002,351,411.0,13054,11.05,5.16,100066,78.0,15.0
2023,972,Martinique,2,MARTINIQUE,357191,317.0,-8.95,21.528817915345012,30.64550898538877,10.2,26.7,212577,21.0,15.0,2736,2906.0,34413,4.58,5.78,167200,63.0,398.0
2022,61,Orne,28,NORMANDIE,275624,45.0,-5.25,22.0,34.0,7.2,15.0,165100,16.0,11.0,496,680.0,21168,7.35,4.92,129193,80.0,100.0
2022,64,Pyrénées-Atlantiques,75,NOUVELLE-AQUITAINE,688474,90.0,4.85,21.0,32.0,6.4,12.2,413357,12.0,8.0,5211,5505.0,37485,1.82,5.79,323663,51.0,709.0
2022,24,Dordogne,75,NOUVELLE-AQUITAINE,412163,45.0,-0.72,19.0,38.0,7.7,16.1,261104,7.0,10.0,1935,2912.0,14360,3.49,5.25,196500,84.0,82.0
2022,55,Meuse,44,GRAND EST,180059,29.0,-6.97,22.0,31.0,7.5,14.2,99834,12.0,12.0,319,394.0,10122,7.8,05.08,82941,76.0,0.0
2021,74,Haute-Savoie,84,AUVERGNE-RHÔNE-ALPES,831867,189.0,12.70566653,24.0,22.0,6.6,8.9,517217,13.60733904,6.221120212,11097,12569.0,49115,1.656261398,6.233895765,360944,39.78706661,1524.0
2021,15,Cantal,84,AUVERGNE-RHÔNE-ALPES,143821,25.0,-2.929901054,18.0,36.0,4.5,13.0,101693,8.999956001,11.93898109,555,525.0,6195,3.851374279,5.175641861,68833,75.72375365,25.0
2023,70,Haute-Saône,27,BOURGOGNE-FRANCHE-COMTÉ,233493,44.0,-2.59,22.796400748630578,30.73539677849015,6.3,13.0,128855,11.0,11.0,727,854.0,11366,4.41,05.03,106994,76.0,56.0
2023,65,Hautes-Pyrénées,76,OCCITANIE,230143,52.0,0.4,19.84244578370839,34.915682858049124,7.7,15.5,164545,11.0,10.0,1123,1843.0,12625,5.43,5.45,110673,60.0,80.0
2023,52,Haute-Marne,44,GRAND EST,170280,27.0,-6.63,20.848015034061547,33.21940333568241,6.4,15.0,100520,19.0,12.0,305,244.0,15731,7.23,4.92,80979,75.0,50.0
2023,88,Vosges,44,GRAND EST,359915,61.0,-4.99,21.46034480363419,32.45321812094522,7.3999999999999995,14.9,214812,14.000000000000002,11.0,1046,1513.0,24230,3.1199999999999997,4.82,169446,65.0,70.0
2023,971,Guadeloupe,1,GUADELOUPE,381606,234.0,-5.6899999999999995,24.015345670665557,28.40599990566186,19.3,,227525,22.0,15.0,2950,2880.0,37380,4.64,6.23,171988,75.0,242.0
2023,2B,Haute-Corse,94,CORSE,184485,40.0,9.4,19.672602108572512,30.524432880722006,6.4,20.1,135125,11.0,3.0,2119,2868.0,8986,1.7500000000000002,5.62,82538,50.0,102.0
2022,60,Oise,32,HAUTS-DE-FRANCE,831944,142.0,3.26,26.0,24.0,7.9,12.8,378048,20.0,7.0,3323,4045.0,67912,1.63,5.63,341929,67.0,738.0
2022,71,Saône-et-Loire,27,BOURGOGNE-FRANCHE-COMTÉ,547937,64.0,-1.45,21.0,34.0,6.6,12.8,311966,17.0,10.0,1827,2195.0,42839,8.76,5.36,256502,70.0,98.0
2021,83,Var,93,PROVENCE-ALPES-CÔTE D'AZUR,1079043,180.0,7.0284859,20.0,33.0,8.2,15.6,722127,10.52190098,6.135267659,8969,9472.0,52056,3.303411852,5.719033757,494739,46.58054705,1929.0
2021,61,Orne,28,NORMANDIE,277400,45.0,-4.883384423,21.0,34.0,7.3,15.4,165463,16.26568493,11.24865071,623,429.0,21068,6.938530134,4.666699037,129524,79.48537061,73.0
2021,7,Ardèche,84,AUVERGNE-RHÔNE-ALPES,327740,59.0,4.014725951,21.0,32.0,8.4,14.4,204906,9.220931224,9.734526097,2004,1951.0,13663,4.878778809,5.232601974,148173,74.68491632,202.0
2021,77,Seine-et-Marne,11,ÎLE-DE-FRANCE,1426334,241.0,7.658818068,27.0,20.0,7.3,11.8,619783,19.17480712,6.774690619,10155,12351.0,107305,2.972556399,6.314247333,559614,57.29874892,2691.0
2023,85,Vendée,52,PAYS DE LA LOIRE,698570,104.0,8.870000000000001,22.702950312781827,32.5295961750433,5.1,8.9,435953,8.0,5.0,5915,8762.0,24728,3.8600000000000003,5.2,310051,83.0,531.0
2023,18,Cher,24,CENTRE-VAL DE LOIRE,299546,41.0,-3.9,21.072222630247104,33.86291254097868,7.3999999999999995,14.0,179389,15.0,13.0,879,1191.0,20825,4.6899999999999995,5.27,142658,79.0,179.0
2023,93,Seine-Saint-Denis,11,ÎLE-DE-FRANCE,1664856,7054.0,8.82,28.968931847559187,17.338856934173286,10.0,27.6,696152,37.0,6.0,13507,13488.0,236379,2.16,6.71,645422,23.0,2808.0
2022,14,Calvados,28,NORMANDIE,695207,125.0,1.45,23.0,29.0,7.1,11.9,422082,19.0,7.0,4905,6520.0,59840,03.09,5.7,317127,60.0,669.0
2022,27,Eure,28,NORMANDIE,595697,99.0,1.29,25.0,27.0,7.8,12.3,298148,17.0,8.0,2385,2484.0,42513,2.36,5.64,254430,77.0,229.0
2022,2A,Corse-du-Sud,94,CORSE,161082,40.0,10.45,20.0,31.0,6.5,16.3,122005,9.0,3.0,2199,1356.0,6327,2.92,06.07,70014,52.0,72.0
2022,54,Meurthe-et-Moselle,44,GRAND EST,732085,139.0,-0.14,23.0,26.0,7.5,14.6,379680,16.0,9.0,2746,3817.0,53629,2.31,5.58,336776,53.0,538.0
2022,7,Ardèche,84,AUVERGNE-RHÔNE-ALPES,329841,59.0,3.96,22.0,33.0,8.6,14.3,206435,9.0,10.0,2010,2541.0,13743,4.66,5.25,149347,75.0,112.0
2022,43,Haute-Loire,84,AUVERGNE-RHÔNE-ALPES,227229,46.0,01.03,22.0,32.0,6.1,11.9,143916,8.0,12.0,981,1280.0,8267,6.7,5.26,102943,78.0,32.0
2021,30,Gard,76,OCCITANIE,749136,127.0,5.556714105,22.0,30.0,10.6,19.8,428087,12.41196841,8.410308065,4566,5618.0,41731,6.026616928,5.669053846,336215,62.60916894,943.0
2021,80,Somme,32,HAUTS-DE-FRANCE,568750,92.0,-0.348844747,24.0,26.0,9.1,16.4,301740,16.65805884,8.400241967,2769,2890.0,41888,3.14484427,5.577486537,251457,73.33606924,491.0
2023,54,Meurthe-et-Moselle,44,GRAND EST,731390,139.0,-0.24,23.112703208958287,26.337795157166493,6.800000000000001,14.6,381849,16.0,9.0,2824,4289.0,53829,2.0,5.52,338243,53.0,499.0
2023,43,Haute-Loire,84,AUVERGNE-RHÔNE-ALPES,227111,46.0,0.98,22.12618499324119,32.26527997322895,5.5,11.9,144442,8.0,12.0,955,1219.0,8316,5.319999999999999,5.3,103475,77.0,107.0
2023,95,Val-d'Oise,11,ÎLE-DE-FRANCE,1258517,1010.0,6.619999999999999,28.404542807129346,19.68443811247683,7.9,17.0,523106,27.0,6.0,7508,6747.0,129256,2.18,6.53,484570,43.0,2409.0
2023,74,Haute-Savoie,84,AUVERGNE-RHÔNE-ALPES,843675,192.0,12.94,24.607816991139952,22.922333837081815,5.3,9.4,533337,14.000000000000002,7.000000000000001,10912,11153.0,51857,1.7500000000000002,6.29,372298,39.0,1402.0
2022,6,Alpes-Maritimes,93,PROVENCE-ALPES-CÔTE D'AZUR,1101039,253.0,1.83,21.0,31.0,8.6,16.2,778291,11.0,8.0,6923,6136.0,58685,1.64,6.72,516674,24.0,1437.0
2021,38,Isère,84,AUVERGNE-RHÔNE-ALPES,1269323,170.0,5.218033545,25.0,24.0,6.6,11.3,653289,16.4417855,7.702555331,9031,11078.0,90178,2.580772034,5.944240762,548468,49.10302389,1191.0
2022,70,Haute-Saône,27,BOURGOGNE-FRANCHE-COMTÉ,233489,44.0,-2.59,22.0,31.0,6.8,13.0,128450,11.0,11.0,743,831.0,11359,5.48,4.92,106544,76.0,99.0
2021,12,Aveyron,76,OCCITANIE,279334,31.0,0.913639566,20.0,35.0,6.0,14.0,182027,6.600812301,10.83432142,1358,1338.0,8626,4.634537163,4.720750752,130680,73.67337762,107.0
2021,68,Haut-Rhin,44,GRAND EST,765130,217.0,2.046994993,23.0,27.0,8.0,12.9,380237,15.039204,8.967768984,3745,4556.0,50180,3.145604972,5.619745441,333661,51.83120203,461.0
2021,66,Pyrénées-Orientales,76,OCCITANIE,478983,116.0,6.786417356,21.0,33.0,12.2,21.0,352741,11.07309015,8.162977461,3900,4043.0,24846,3.497864061,5.448128712,224381,55.86648307,693.0
2023,33,Gironde,75,NOUVELLE-AQUITAINE,1655325,154.0,13.089999999999998,22.875930708471145,25.62451482337305,6.4,12.4,900198,15.0,6.0,15867,13345.0,111697,1.23,6.17,763663,61.0,2939.0
2022,58,Nièvre,27,BOURGOGNE-FRANCHE-COMTÉ,201110,30.0,-7.89,19.0,38.0,6.5,15.5,141411,13.0,14.0,363,375.0,13348,12.11,5.15,100314,78.0,8.0
2023,92,Hauts-de-Seine,11,ÎLE-DE-FRANCE,1631170,9268.0,3.1300000000000003,24.50817511356879,20.67963486331897,5.800000000000001,11.9,815765,28.000000000000004,7.000000000000001,11212,9227.0,205753,2.42,6.97,731525,11.0,2677.0
2023,13,Bouches-du-Rhône,93,PROVENCE-ALPES-CÔTE D'AZUR,2055002,404.0,4.0,23.359831279969555,27.08518045237912,8.6,17.9,1055315,18.0,8.0,12513,11519.0,164055,2.36,5.89,925755,37.0,2574.0
2023,9,Ariège,76,OCCITANIE,154222,32.0,1.27,20.456225441247035,34.4950785231679,9.3,17.9,110875,5.0,9.0,591,696.0,3653,2.63,05.05,73183,80.0,3.0
2023,974,La Réunion,4,LA RÉUNION,866669,346.0,4.6,29.49926673274341,19.25994814629345,17.1,35.6,369895,25.0,9.0,7225,7534.0,80739,0.9199999999999999,6.24,328195,66.0,1828.0
2022,38,Isère,84,AUVERGNE-RHÔNE-ALPES,1280557,171.0,5.38,25.0,25.0,6.5,11.3,659031,17.0,8.0,8955,10993.0,91920,2.77,06.03,553122,49.0,1987.0
2022,23,Creuse,75,NOUVELLE-AQUITAINE,114609,21.0,-6.49,18.0,40.0,7.1,18.3,88646,10.0,16.0,240,249.0,5469,10.48,4.59,57111,86.0,0.0
2021,57,Moselle,44,GRAND EST,1041009,167.0,-0.388205147,22.0,27.0,7.7,15.3,518771,17.03250489,9.150402052,5166,5708.0,78412,4.923796612,5.47122355,460366,55.00011085,670.0
2023,11,Aude,76,OCCITANIE,376885,61.0,4.7,21.08361967178317,34.019661169852874,9.9,20.0,266877,10.0,8.0,2069,1885.0,18419,2.71,5.46,177287,71.0,418.0
2023,80,Somme,32,HAUTS-DE-FRANCE,566872,92.0,-0.76,23.908042732750957,27.0611354944326,8.6,15.7,305380,17.0,8.0,2584,2628.0,42598,2.67,5.65,254010,73.0,448.0
2022,65,Hautes-Pyrénées,76,OCCITANIE,230579,51.0,0.59,20.0,35.0,8.8,15.5,163634,12.0,10.0,1054,1462.0,12617,4.53,5.43,109681,60.0,23.0
2022,89,Yonne,27,BOURGOGNE-FRANCHE-COMTÉ,332048,45.0,-3.04,22.0,32.0,7.1,14.3,197718,14.0,12.0,791,948.0,20929,4.59,5.26,152951,78.0,165.0
2022,974,La Réunion,4,LA RÉUNION,866181,342.0,4.54,29.0,19.0,18.0,35.6,383878,23.35549863044494,9.0,7258,7962.0,78957,1.0,6.2,338066,66.0,255425.0
2021,8,Ardennes,44,GRAND EST,267496,51.0,-5.561871139,22.0,29.0,9.5,18.9,143015,19.94017069,11.43152571,718,670.0,24259,4.965438796,4.993524248,121658,71.18447478,296.0
2021,62,Pas-de-Calais,32,HAUTS-DE-FRANCE,1459364,218.0,-0.138430135,25.0,25.0,9.0,19.3,717901,26.12902951,7.620728612,6238,5788.0,161359,2.2891117,5.637818065,617546,77.27199331,1297.0
2021,91,Essonne,11,ÎLE-DE-FRANCE,1309566,725.0,7.753056758,27.0,20.0,7.0,13.1,564587,24.06123665,6.478593138,9513,8002.0,124822,2.426067567,6.340427354,518768,46.16007735,2912.0
2021,84,Vaucluse,93,PROVENCE-ALPES-CÔTE D'AZUR,560425,157.0,3.189070253,23.0,29.0,10.1,20.0,305436,14.17459003,10.09375927,3549,3765.0,35347,2.272931722,5.728104204,249368,64.14501507,505.0
2021,56,Morbihan,53,BRETAGNE,760313,111.0,5.356561358,22.0,32.0,6.6,11.2,468872,10.73202307,7.276656108,5404,5605.0,37612,2.692718168,5.366977147,350465,73.64928265,459.0
2021,51,Marne,44,GRAND EST,563834,69.0,-0.260566383,24.0,26.0,7.6,14.4,295610,28.33920774,8.993290325,2922,3574.0,73839,4.784483376,5.36234076,260554,55.40751405,704.0
2021,14,Calvados,28,NORMANDIE,693310,124.0,1.49391382,23.0,28.0,7.2,12.4,419713,18.82335425,6.814230658,4859,4977.0,59435,2.664532695,5.595251232,315751,60.21996836,570.0
2021,47,Lot-et-Garonne,75,NOUVELLE-AQUITAINE,330756,61.0,-0.110834947,21.0,33.0,7.9,17.0,186511,7.352312427,11.48945116,1275,1543.0,11276,1.958993098,5.187852725,153366,79.58347907,138.0
2023,25,Doubs,27,BOURGOGNE-FRANCHE-COMTÉ,546630,104.0,3.3099999999999996,24.489142564440296,26.015037593984964,6.3,12.2,285770,15.0,9.0,2893,3019.0,36989,2.93,5.69,248963,51.0,226.0
2023,51,Marne,44,GRAND EST,565685,69.0,-0.16,23.87459451815056,26.361314158940047,7.000000000000001,14.2,299421,28.000000000000004,9.0,2742,2991.0,73089,3.46,5.44,262478,55.00000000000001,484.0
2023,72,Sarthe,52,PAYS DE LA LOIRE,567068,91.0,0.24,24.00558663158563,29.255045250305077,6.800000000000001,12.9,294778,16.0,9.0,1789,2585.0,39399,1.32,5.19,253990,75.0,236.0
2023,27,Eure,28,NORMANDIE,598404,99.0,1.7500000000000002,25.362965488198608,26.516199758023006,6.7,12.3,299419,16.0,8.0,2376,3208.0,42169,1.96,5.62,256061,77.0,179.0
2023,56,Morbihan,53,BRETAGNE,768617,113.0,5.71,21.991707183161445,32.74387633893083,5.6000000000000005,11.5,464186,11.0,7.000000000000001,5672,6835.0,38362,02.02,5.37,346231,74.0,618.0
2022,67,Bas-Rhin,44,GRAND EST,1150899,240.0,4.7,23.0,26.0,6.7,13.2,567991,14.0,8.0,7771,8336.0,69870,03.01,5.98,504685,46.0,1352.0
2022,40,Landes,75,NOUVELLE-AQUITAINE,419507,45.0,8.14,21.0,33.0,7.6,11.4,262370,7.0,7.0,4127,5273.0,14017,1.25,5.38,191040,73.0,341.0
2022,56,Morbihan,53,BRETAGNE,767088,111.0,5.5,22.0,33.0,6.5,11.5,472749,11.0,7.0,5548,7783.0,37928,2.78,5.39,353880,74.0,410.0
2022,84,Vaucluse,93,PROVENCE-ALPES-CÔTE D'AZUR,562533,157.0,2.91,24.0,29.0,10.1,19.5,308505,14.0,10.0,3599,3935.0,35851,02.08,5.77,251069,64.0,528.0
2021,2A,Corse-du-Sud,94,CORSE,161208,40.0,12.26183844,20.0,31.0,6.6,16.1,120566,9.019029412,2.746733078,2482,2288.0,6254,2.132622459,6.045168542,69342,52.05305036,56.0
2023,30,Gard,76,OCCITANIE,753509,129.0,4.89,22.654938428074516,30.8921326752567,9.8,19.4,435785,12.0,9.0,4648,4799.0,42581,6.69,5.6,341562,63.0,555.0
2023,31,Haute-Garonne,76,OCCITANIE,1434268,227.0,13.81,23.55229287692398,22.44190067686095,7.199999999999999,13.3,754396,15.0,7.000000000000001,15194,14194.0,96979,2.55,6.32,666916,49.0,3081.0
2023,63,Puy-de-Dôme,84,AUVERGNE-RHÔNE-ALPES,664189,83.0,4.52,22.424942298050706,28.702824045565343,6.2,13.2,394760,14.000000000000002,10.0,3968,5226.0,44927,2.8899999999999997,5.35,313368,63.0,695.0
2022,34,Hérault,76,OCCITANIE,1203899,194.0,13.36,23.0,28.0,10.9,18.7,739737,12.0,7.0,11640,11938.0,67668,1.2,5.92,551782,48.0,2027.0
2023,22,Côtes-d'Armor,53,BRETAGNE,605211,88.0,1.82,22.112783805978413,33.9172619136136,6.2,12.1,366683,9.0,9.0,3315,4494.0,23791,1.41,5.1,275171,82.0,468.0
2023,21,Côte-d'Or,27,BOURGOGNE-FRANCHE-COMTÉ,535275,61.0,1.78,22.500770631918172,27.99252720564196,5.6000000000000005,11.5,294776,15.0,9.0,3020,3278.0,37706,2.56,5.76,253171,54.0,692.0
2023,24,Dordogne,75,NOUVELLE-AQUITAINE,412686,46.0,-0.6,18.787165060118348,37.84039196871229,7.1,16.1,262321,7.000000000000001,10.0,2009,3228.0,14405,3.8899999999999997,5.26,197638,84.0,228.0
2022,53,Mayenne,52,PAYS DE LA LOIRE,306224,59.0,-0.26,24.0,29.0,5.2,11.0,158083,12.0,9.0,1270,1996.0,15933,3.85,5.0,135257,81.0,111.0
2022,972,Martinique,2,MARTINIQUE,356029,319.0,-9.24,21.0,31.0,12.9,26.7,214788,20.485765955663076,16.0,2679,2838.0,34210,5.0,5.7,166994,62.0,76417.0
2021,90,Territoire de Belfort,27,BOURGOGNE-FRANCHE-COMTÉ,139866,229.0,-2.130696727,23.0,27.0,8.6,14.5,72929,22.03880082,9.789138878,516,501.0,14261,3.293300098,5.141722598,64708,46.89967562,34.0
2021,25,Doubs,27,BOURGOGNE-FRANCHE-COMTÉ,542997,103.0,2.885158308,24.0,25.0,7.2,12.1,282055,15.33140346,8.521194155,2969,3177.0,37678,2.89978921,5.580911692,245757,51.17247102,485.0
2021,17,Charente-Maritime,75,NOUVELLE-AQUITAINE,650757,94.0,4.569009984,20.0,35.0,8.0,12.8,436869,9.560634655,7.14797207,5652,7173.0,29536,1.782682513,5.480524987,308933,77.3834097,614.0
2021,60,Oise,32,HAUTS-DE-FRANCE,829408,141.0,3.21219022,26.0,23.0,8.0,12.9,376184,19.83233953,7.11826893,3464,3223.0,67459,1.340033501,5.534074617,340146,66.82399745,747.0
2021,63,Puy-de-Dôme,84,AUVERGNE-RHÔNE-ALPES,666274,83.0,5.371249274,22.0,28.0,6.8,13.2,389711,13.90343077,10.35923367,3760,4953.0,43074,2.93766776,5.350434008,309808,63.15525078,495.0
2023,40,Landes,75,NOUVELLE-AQUITAINE,421672,46.0,8.7,20.770646379176235,33.293887191940655,6.800000000000001,11.4,265930,8.0,7.000000000000001,4302,5878.0,14697,1.82,5.4,193850,73.0,709.0
2023,94,Val-de-Marne,11,ÎLE-DE-FRANCE,1413781,5771.0,6.0,25.394951551902313,20.747555668098524,7.000000000000001,16.6,654340,30.0,6.0,9739,13260.0,181408,1.96,6.82,603696,21.0,2009.0
2023,32,Gers,76,OCCITANIE,192159,31.0,1.73,20.016756956478748,36.100312761827446,0.0,15.0,112134,7.000000000000001,10.0,827,1083.0,5890,02.09,05.08,89745,81.0,150.0
2022,95,Val-d'Oise,11,ÎLE-DE-FRANCE,1267124,1006.0,7.35,29.0,20.0,8.8,17.0,517063,27.0,6.0,7723,6520.0,127457,2.77,6.58,478885,44.0,1411.0
2021,26,Drôme,84,AUVERGNE-RHÔNE-ALPES,520531,79.0,7.389084307,24.0,28.0,8.5,14.8,275726,12.52170787,8.630781086,3345,3229.0,28772,2.261571465,5.476515463,229776,63.80635226,503.0
2021,85,Vendée,52,PAYS DE LA LOIRE,687477,102.0,8.301957535,22.0,32.0,6.2,9.2,426425,7.948500968,5.121445899,5345,6544.0,23964,3.1592411,5.105177039,301490,83.56601305,519.0
2021,45,Loiret,24,CENTRE-VAL DE LOIRE,682187,100.0,3.975278347,25.0,26.0,7.2,13.2,347107,17.13193527,9.15307836,3566,3652.0,51216,2.828433197,5.775370943,298950,68.06182482,502.0
2023,59,Nord,32,HAUTS-DE-FRANCE,2607335,454.0,01.09,25.89582849921472,23.536216098046474,9.2,18.4,1241241,25.0,8.0,12630,15017.0,278021,1.1900000000000002,5.71,1125260,65.0,3227.0
2022,28,Eure-et-Loir,24,CENTRE-VAL DE LOIRE,429083,73.0,-0.31,25.0,28.0,7.0,11.8,217440,18.0,9.0,1818,2643.0,32487,3.96,5.19,185213,74.0,323.0
2022,68,Haut-Rhin,44,GRAND EST,767736,217.0,1.95,23.0,27.0,7.8,13.2,382805,15.0,9.0,3976,5416.0,50172,3.15,5.67,335574,52.0,328.0
2022,46,Lot,76,OCCITANIE,174282,33.0,-0.27,18.0,39.0,7.8,14.9,119499,6.0,11.0,872,1145.0,5262,2.58,5.36,84516,84.0,25.0
2022,39,Jura,27,BOURGOGNE-FRANCHE-COMTÉ,257906,52.0,-1.3,22.0,31.0,5.3,11.2,150475,12.0,10.0,932,1192.0,14160,4.88,4.82,119974,65.0,22.0
2021,13,Bouches-du-Rhône,93,PROVENCE-ALPES-CÔTE D'AZUR,2044355,401.0,3.668171386,23.0,26.0,9.2,18.7,1034043,17.66029013,7.551417364,12880,12914.0,160495,2.317529714,5.864655122,908790,37.46346439,2520.0
2021,44,Loire-Atlantique,52,PAYS DE LA LOIRE,1442940,211.0,12.54925697,25.0,24.0,6.7,10.3,752968,14.42412436,5.576468425,13413,13632.0,91132,2.168072114,5.807774037,631802,61.08199283,2546.0
2021,9,Ariège,76,OCCITANIE,153113,31.0,0.707060077,20.0,34.0,9.9,18.0,110222,4.998280385,9.709192488,616,632.0,3619,4.153354633,5.005076227,72404,79.65357969,48.0
2022,16,Charente,75,NOUVELLE-AQUITAINE,350888,59.0,-0.52,20.0,33.0,7.5,14.6,198920,10.0,11.0,1264,1629.0,16153,3.21,5.2,165063,83.0,151.0
2021,54,Meurthe-et-Moselle,44,GRAND EST,731533,139.0,-0.092050472,23.0,26.0,7.5,15.4,378055,15.84957576,9.30029085,2855,3102.0,53153,3.149508019,5.546461942,335359,53.38350119,574.0
2021,23,Creuse,75,NOUVELLE-AQUITAINE,115555,20.0,-6.074990449,17.0,39.0,7.0,18.7,88727,9.645514458,15.4705554,305,192.0,5542,9.064830752,4.573917823,57456,86.48040765,0.0
2023,23,Creuse,75,NOUVELLE-AQUITAINE,115050,21.0,-6.13,18.050412863972188,39.510647544545854,6.800000000000001,18.3,88769,10.0,16.0,231,254.0,5468,07.02,4.6,57088,86.0,16.0
2023,86,Vienne,75,NOUVELLE-AQUITAINE,440161,63.0,2.73,23.060425616990145,28.943727408834498,5.800000000000001,14.0,243821,13.0,9.0,1858,2552.0,25893,3.53,5.39,206346,74.0,206.0
2023,46,Lot,76,OCCITANIE,174907,34.0,0.09,18.78255301388738,38.693705797938335,7.3,14.9,120123,6.0,11.0,858,1069.0,5360,5.0200000000000005,5.38,85214,84.0,86.0
2023,12,Aveyron,76,OCCITANIE,279571,32.0,1.3599999999999999,20.015309170121366,35.44359035808435,5.6000000000000005,14.0,183702,7.000000000000001,11.0,1262,1553.0,8622,3.8699999999999997,4.81,131850,74.0,132.0
2023,34,Hérault,76,OCCITANIE,1203908,197.0,13.36,22.702814500775805,28.07166328324091,9.9,18.7,750002,13.0,7.000000000000001,11493,10324.0,70501,1.7399999999999998,5.96,561618,48.0,2373.0
2022,3,Allier,84,AUVERGNE-RHÔNE-ALPES,333042,45.0,-2.83,20.0,36.0,8.3,15.3,208863,12.0,15.0,870,1065.0,20200,06.08,5.22,162717,72.0,49.0
2021,58,Nièvre,27,BOURGOGNE-FRANCHE-COMTÉ,201755,29.0,-8.11944404,19.0,38.0,6.2,15.7,141622,13.43812123,13.7740513,440,304.0,13538,11.45423919,5.138626249,100743,77.95512575,37.0
2021,2,Aisne,32,HAUTS-DE-FRANCE,528471,71.0,-2.226979064,24.0,27.0,11.0,18.4,266640,17.57454758,9.75515112,1431,1205.0,40635,4.954921206,5.278232336,231215,75.65524574,127.0
2021,72,Sarthe,52,PAYS DE LA LOIRE,563536,90.0,0.003194219,24.0,29.0,7.7,13.1,292627,15.57162801,9.216281317,1961,1629.0,39234,1.970654386,5.115044524,251958,75.18904259,230.0
2021,82,Tarn-et-Garonne,76,OCCITANIE,261307,70.0,8.113017071,24.0,29.0,9.2,17.0,132602,7.763833999,9.884889238,1383,1436.0,8684,2.735849057,5.458915952,111851,78.51299987,246.0
2023,44,Loire-Atlantique,52,PAYS DE LA LOIRE,1462506,215.0,12.82,24.86759028680908,24.59367688064186,5.5,10.0,776207,15.0,6.0,12605,11325.0,95142,1.8599999999999999,5.86,652200,61.0,2210.0
2023,10,Aube,44,GRAND EST,311831,52.0,2.58,24.45587513749435,28.298661775128192,9.4,16.2,166928,23.0,9.0,1275,1389.0,32198,3.3099999999999996,5.5,143058,66.0,337.0
2023,48,Lozère,76,OCCITANIE,76593,15.0,-0.73,20.798245270455524,33.19885629235048,4.6,14.9,61734,8.0,10.0,353,422.0,3003,4.5600000000000005,5.22,35638,78.0,5.0
2023,39,Jura,27,BOURGOGNE-FRANCHE-COMTÉ,257991,52.0,-1.26,22.257753177436424,31.270083064913116,5.2,11.2,151009,12.0,10.0,966,1420.0,14146,3.74,4.85,120467,65.0,60.0
2023,90,Territoire de Belfort,27,BOURGOGNE-FRANCHE-COMTÉ,138976,228.0,-3.05,23.737192033156802,27.09244761685471,8.1,14.8,73384,22.0,11.0,476,537.0,13969,6.45,5.17,64329,47.0,42.0
2023,60,Oise,32,HAUTS-DE-FRANCE,830560,142.0,03.09,26.282146985166634,23.660301483336543,7.199999999999999,12.8,380003,20.0,7.000000000000001,3373,4669.0,68368,1.35,5.66,343834,67.0,736.0
2022,66,Pyrénées-Orientales,76,OCCITANIE,483558,116.0,6.86,21.0,34.0,12.3,20.7,355661,11.0,8.0,3732,3899.0,25428,4.1,5.51,226760,56.0,510.0
2021,29,Finistère,53,BRETAGNE,913187,135.0,1.733346108,22.0,30.0,6.6,10.6,545808,11.14516072,7.539038159,4966,5318.0,47934,2.700523104,5.375687124,430088,73.21390784,634.0
2023,38,Isère,84,AUVERGNE-RHÔNE-ALPES,1282526,173.0,5.54,25.194654923175047,24.85056833155819,5.7,11.3,665362,17.0,8.0,9173,10637.0,93330,2.56,06.06,558572,49.0,1565.0
2022,42,Loire,84,AUVERGNE-RHÔNE-ALPES,766473,160.0,2.33,24.0,29.0,7.6,15.0,401112,17.0,10.0,3253,4501.0,59993,5.63,5.19,343335,51.0,391.0
2022,10,Aube,44,GRAND EST,310804,52.0,2.24,24.0,28.0,10.0,16.2,166101,22.0,10.0,1290,1314.0,32002,2.94,5.42,142246,66.0,184.0
2022,94,Val-de-Marne,11,ÎLE-DE-FRANCE,1425072,5762.0,6.85,26.0,21.0,7.7,16.6,647289,30.0,6.0,9276,8314.0,179474,2.49,6.94,598392,21.0,2157.0
2022,29,Finistère,53,BRETAGNE,919983,136.0,2.24,22.0,31.0,6.6,11.0,549039,11.0,7.0,5178,7858.0,48430,2.86,5.44,433090,73.0,566.0
2022,30,Gard,76,OCCITANIE,751840,128.0,4.66,23.0,31.0,10.6,19.4,431684,12.0,8.0,4652,5818.0,42004,5.15,5.55,338732,63.0,669.0
2021,46,Lot,76,OCCITANIE,174146,33.0,-0.24745386,18.0,38.0,7.8,15.0,118998,6.253826625,10.79003173,889,792.0,5257,4.07548685,5.281820702,84060,83.52442485,107.0
2021,22,Côtes-d'Armor,53,BRETAGNE,599271,87.0,1.289633409,22.0,33.0,6.8,11.7,369601,8.327387155,8.78638951,3317,3021.0,23091,2.444047783,5.048367101,277289,82.22552547,448.0
2021,59,Nord,32,HAUTS-DE-FRANCE,2601802,453.0,0.971448752,26.0,23.0,9.8,19.1,1224589,24.45084854,7.650652556,12975,12261.0,271808,1.133582127,5.686523541,1111650,65.97816224,2550.0
2023,41,Loir-et-Cher,24,CENTRE-VAL DE LOIRE,328271,52.0,-0.91,22.39978554304218,32.479567186866944,5.8999999999999995,12.5,185591,14.000000000000002,11.0,1157,1524.0,21510,2.85,4.91,150678,80.0,103.0
2021,2B,Haute-Corse,94,CORSE,184659,39.0,12.32022522,20.0,29.0,7.3,20.6,132077,10.70406931,3.390629429,2298,2302.0,8632,1.918949628,5.534405391,80642,50.93180072,186.0
2021,92,Hauts-de-Seine,11,ÎLE-DE-FRANCE,1628798,9254.0,3.580817684,24.0,20.0,6.8,11.9,801736,28.11196415,6.477672162,10733,12035.0,202385,1.915385577,6.979770791,719924,11.30260118,1883.0
2021,6,Alpes-Maritimes,93,PROVENCE-ALPES-CÔTE D'AZUR,1088178,253.0,0.875938257,21.0,31.0,8.9,15.8,772316,11.16507061,8.370714401,7226,6794.0,57228,1.572647042,6.612326389,512562,23.70709229,1609.0
2021,1,Ain,84,AUVERGNE-RHÔNE-ALPES,657907,114.0,10.13926719,25.0,24.0,6.0,10.3,317983,16.99179575,8.133067542,5552,4697.0,46649,3.442823739,5.811308902,274538,63.28818502,1178.0
2021,39,Jura,27,BOURGOGNE-FRANCHE-COMTÉ,258766,51.0,-1.058370996,22.0,31.0,5.4,11.8,150169,11.78791835,9.854960252,950,932.0,14131,5.711279778,4.768201958,119876,65.02684786,40.0
2021,53,Mayenne,52,PAYS DE LA LOIRE,306123,59.0,-0.069857706,24.0,29.0,5.3,11.5,157551,11.91440504,9.129872533,1193,1522.0,16069,4.28769018,4.925780981,134870,80.61767224,150.0
2023,49,Maine-et-Loire,52,PAYS DE LA LOIRE,823052,115.0,4.14,25.0321972366266,26.93268469063923,6.3,11.1,403157,18.0,7.000000000000001,4457,5520.0,66407,1.51,5.41,363872,70.0,594.0
2023,47,Lot-et-Garonne,75,NOUVELLE-AQUITAINE,329989,62.0,-0.27,21.291618811536143,34.233868401673995,7.3,16.8,188120,7.000000000000001,12.0,1284,1982.0,11450,1.29,5.24,154157,80.0,235.0
2023,17,Charente-Maritime,75,NOUVELLE-AQUITAINE,659379,96.0,5.390000000000001,19.946040137765987,35.915308191495335,6.7,12.4,445578,10.0,7.000000000000001,5539,6940.0,30288,1.91,5.54,315325,77.0,669.0
2022,86,Vienne,75,NOUVELLE-AQUITAINE,439635,63.0,2.61,23.0,29.0,6.3,14.0,242907,13.0,10.0,1891,2474.0,25828,3.8,5.38,205392,74.0,162.0
2022,971,Guadeloupe,1,GUADELOUPE,377856,233.0,-6.62,24.0,28.0,17.2,,231840,21.45048203330412,15.0,3146,2203.0,37202,6.0,6.3,173432,75.0,90174.0
2023,8,Ardennes,44,GRAND EST,268216,51.0,-5.26,23.27452500969368,29.431875801592746,9.2,18.3,143402,20.0,12.0,623,700.0,24330,3.64,4.93,121551,71.0,134.0
2023,91,Essonne,11,ÎLE-DE-FRANCE,1308892,726.0,6.83,26.98687133850616,21.118014320509253,6.3,13.2,577712,24.0,7.000000000000001,8879,8105.0,129387,2.13,6.5,529134,46.0,2013.0
2023,83,Var,93,PROVENCE-ALPES-CÔTE D'AZUR,1094127,183.0,08.04,20.49816885973932,33.72432999094255,7.199999999999999,15.3,735547,11.0,6.0,8782,9093.0,55138,3.1300000000000003,5.81,508199,46.0,1560.0
2023,7,Ardèche,84,AUVERGNE-RHÔNE-ALPES,330012,60.0,04.01,21.69133243639625,33.04273783983613,7.9,14.3,207922,9.0,10.0,2061,2581.0,13924,3.53,5.24,150578,75.0,223.0
2023,76,Seine-Maritime,28,NORMANDIE,1254334,200.0,0.24,24.139184619088695,27.109525851966065,7.5,14.6,653680,26.0,8.0,6436,6791.0,148411,2.1,5.49,574349,56.00000000000001,1204.0
2022,47,Lot-et-Garonne,75,NOUVELLE-AQUITAINE,329848,62.0,-0.31,21.0,34.0,7.9,16.8,187058,7.0,12.0,1239,1717.0,11297,2.25,5.24,153387,80.0,133.0
2022,69,Rhône,84,AUVERGNE-RHÔNE-ALPES,1899599,579.0,8.91,25.0,22.0,7.1,14.1,937544,21.0,7.0,13208,11737.0,179353,02.07,6.19,838931,29.0,3121.0
2021,43,Haute-Loire,84,AUVERGNE-RHÔNE-ALPES,227878,45.0,1.728525129,22.0,32.0,6.1,12.1,143699,8.046192773,12.40039062,982,779.0,8265,7.051695243,5.228435181,102719,77.58852971,28.0
2022,9,Ariège,76,OCCITANIE,153197,31.0,0.6,20.0,35.0,9.8,17.9,110526,5.0,10.0,587,873.0,3624,04.06,05.06,72667,80.0,2.0
2022,50,Manche,28,NORMANDIE,492667,83.0,-1.37,21.0,33.0,5.6,11.4,299656,17.0,8.0,2028,2596.0,37866,2.88,4.75,229482,80.0,51.0
2021,88,Vosges,44,GRAND EST,361749,61.0,-4.73370132,21.0,32.0,8.2,15.4,214363,14.34885528,11.27300831,1176,1008.0,24305,4.246546227,4.745013804,169386,64.96404054,51.0
2021,67,Bas-Rhin,44,GRAND EST,1143364,240.0,4.330576099,22.0,25.0,6.9,13.7,561561,13.73819896,7.832343736,7738,7084.0,68678,3.120469978,5.916097449,499905,46.00877889,1381.0
2022,92,Hauts-de-Seine,11,ÎLE-DE-FRANCE,1636156,9255.0,3.45,25.0,21.0,6.6,11.9,807711,28.0,6.0,11364,11229.0,203659,2.59,7.17,724639,11.0,1683.0